<?xml version="1.0" encoding="UTF-8"?>
<kml xmlns="http://www.opengis.net/kml/2.2" xmlns:gx="http://www.google.com/kml/ext/2.2">
<Document>
  <Style id="placemark-red">
    <IconStyle>
      <Icon>
        <href>https://comaps.at/placemarks/placemark-red.png</href>
      </Icon>
    </IconStyle>
  </Style>
  <Style id="placemark-blue">
    <IconStyle>
      <Icon>
        <href>https://comaps.at/placemarks/placemark-blue.png</href>
      </Icon>
    </IconStyle>
  </Style>
  <Style id="placemark-purple">
    <IconStyle>
      <Icon>
        <href>https://comaps.at/placemarks/placemark-purple.png</href>
      </Icon>
    </IconStyle>
  </Style>
  <Style id="placemark-yellow">
    <IconStyle>
      <Icon>
        <href>https://comaps.at/placemarks/placemark-yellow.png</href>
      </Icon>
    </IconStyle>
  </Style>
  <Style id="placemark-pink">
    <IconStyle>
      <Icon>
        <href>https://comaps.at/placemarks/placemark-pink.png</href>
      </Icon>
    </IconStyle>
  </Style>
  <Style id="placemark-brown">
    <IconStyle>
      <Icon>
        <href>https://comaps.at/placemarks/placemark-brown.png</href>
      </Icon>
    </IconStyle>
  </Style>
  <Style id="placemark-green">
    <IconStyle>
      <Icon>
        <href>https://comaps.at/placemarks/placemark-green.png</href>
      </Icon>
    </IconStyle>
  </Style>
  <Style id="placemark-orange">
    <IconStyle>
      <Icon>
        <href>https://comaps.at/placemarks/placemark-orange.png</href>
      </Icon>
    </IconStyle>
  </Style>
  <Style id="placemark-deeppurple">
    <IconStyle>
      <Icon>
        <href>https://comaps.at/placemarks/placemark-deeppurple.png</href>
      </Icon>
    </IconStyle>
  </Style>
  <Style id="placemark-lightblue">
    <IconStyle>
      <Icon>
        <href>https://comaps.at/placemarks/placemark-lightblue.png</href>
      </Icon>
    </IconStyle>
  </Style>
  <Style id="placemark-cyan">
    <IconStyle>
      <Icon>
        <href>https://comaps.at/placemarks/placemark-cyan.png</href>
      </Icon>
    </IconStyle>
  </Style>
  <Style id="placemark-teal">
    <IconStyle>
      <Icon>
        <href>https://comaps.at/placemarks/placemark-teal.png</href>
      </Icon>
    </IconStyle>
  </Style>
  <Style id="placemark-lime">
    <IconStyle>
      <Icon>
        <href>https://comaps.at/placemarks/placemark-lime.png</href>
      </Icon>
    </IconStyle>
  </Style>
  <Style id="placemark-deeporange">
    <IconStyle>
      <Icon>
        <href>https://comaps.at/placemarks/placemark-deeporange.png</href>
      </Icon>
    </IconStyle>
  </Style>
  <Style id="placemark-gray">
    <IconStyle>
      <Icon>
        <href>https://comaps.at/placemarks/placemark-gray.png</href>
      </Icon>
    </IconStyle>
  </Style>
  <Style id="placemark-bluegray">
    <IconStyle>
      <Icon>
        <href>https://comaps.at/placemarks/placemark-bluegray.png</href>
      </Icon>
    </IconStyle>
  </Style>
  <name>Burje Bhanjyang - Kakani Hike</name>
  <visibility>1</visibility>
  <ExtendedData xmlns:mwm="https://comaps.app">
    <mwm:name>
      <mwm:lang code="default">Burje Bhanjyang - Kakani Hike</mwm:lang>
    </mwm:name>
    <mwm:annotation>
    </mwm:annotation>
    <mwm:description>
    </mwm:description>
    <mwm:accessRules>Local</mwm:accessRules>
  </ExtendedData>
  <Placemark>
    <name>Burje Bhanjyang - Kakani Hike</name>
    <Style><LineStyle>
      <color>FFBF3966</color>
      <width>5</width>
    </LineStyle></Style>
    <TimeStamp><when>2026-10-03T11:17:21Z</when></TimeStamp>
    <gx:Track>
        <when>2026-10-03T04:24:45Z</when>
        <when>2026-10-03T04:25:01Z</when>
        <when>2026-10-03T04:25:11Z</when>
        <when>2026-10-03T04:25:21Z</when>
        <when>2026-10-03T04:25:37Z</when>
        <when>2026-10-03T04:25:57Z</when>
        <when>2026-10-03T04:26:08Z</when>
        <when>2026-10-03T04:26:22Z</when>
        <when>2026-10-03T04:26:36Z</when>
        <when>2026-10-03T04:27:00Z</when>
        <when>2026-10-03T04:27:22Z</when>
        <when>2026-10-03T04:27:33Z</when>
        <when>2026-10-03T04:27:44Z</when>
        <when>2026-10-03T04:27:50Z</when>
        <when>2026-10-03T04:27:54Z</when>
        <when>2026-10-03T04:27:58Z</when>
        <when>2026-10-03T04:28:03Z</when>
        <when>2026-10-03T04:28:10Z</when>
        <when>2026-10-03T04:28:19Z</when>
        <when>2026-10-03T04:28:30Z</when>
        <when>2026-10-03T04:28:39Z</when>
        <when>2026-10-03T04:28:49Z</when>
        <when>2026-10-03T04:28:57Z</when>
        <when>2026-10-03T04:29:03Z</when>
        <when>2026-10-03T04:29:13Z</when>
        <when>2026-10-03T04:29:25Z</when>
        <when>2026-10-03T04:29:37Z</when>
        <when>2026-10-03T04:29:48Z</when>
        <when>2026-10-03T04:29:59Z</when>
        <when>2026-10-03T04:30:11Z</when>
        <when>2026-10-03T04:30:17Z</when>
        <when>2026-10-03T04:30:24Z</when>
        <when>2026-10-03T04:30:33Z</when>
        <when>2026-10-03T04:30:42Z</when>
        <when>2026-10-03T04:30:52Z</when>
        <when>2026-10-03T04:31:04Z</when>
        <when>2026-10-03T04:31:14Z</when>
        <when>2026-10-03T04:31:24Z</when>
        <when>2026-10-03T04:31:34Z</when>
        <when>2026-10-03T04:31:43Z</when>
        <when>2026-10-03T04:31:53Z</when>
        <when>2026-10-03T04:32:04Z</when>
        <when>2026-10-03T04:32:14Z</when>
        <when>2026-10-03T04:32:25Z</when>
        <when>2026-10-03T04:32:34Z</when>
        <when>2026-10-03T04:32:43Z</when>
        <when>2026-10-03T04:32:52Z</when>
        <when>2026-10-03T04:33:02Z</when>
        <when>2026-10-03T04:33:11Z</when>
        <when>2026-10-03T04:33:20Z</when>
        <when>2026-10-03T04:33:29Z</when>
        <when>2026-10-03T04:33:38Z</when>
        <when>2026-10-03T04:33:47Z</when>
        <when>2026-10-03T04:33:57Z</when>
        <when>2026-10-03T04:34:07Z</when>
        <when>2026-10-03T04:34:16Z</when>
        <when>2026-10-03T04:34:25Z</when>
        <when>2026-10-03T04:34:35Z</when>
        <when>2026-10-03T04:34:45Z</when>
        <when>2026-10-03T04:34:54Z</when>
        <when>2026-10-03T04:35:03Z</when>
        <when>2026-10-03T04:35:12Z</when>
        <when>2026-10-03T04:35:21Z</when>
        <when>2026-10-03T04:35:36Z</when>
        <when>2026-10-03T04:35:52Z</when>
        <when>2026-10-03T04:36:03Z</when>
        <when>2026-10-03T04:36:13Z</when>
        <when>2026-10-03T04:36:24Z</when>
        <when>2026-10-03T04:36:35Z</when>
        <when>2026-10-03T04:36:44Z</when>
        <when>2026-10-03T04:36:55Z</when>
        <when>2026-10-03T04:37:04Z</when>
        <when>2026-10-03T04:37:13Z</when>
        <when>2026-10-03T04:37:20Z</when>
        <when>2026-10-03T04:37:28Z</when>
        <when>2026-10-03T04:37:36Z</when>
        <when>2026-10-03T04:37:45Z</when>
        <when>2026-10-03T04:37:55Z</when>
        <when>2026-10-03T04:38:03Z</when>
        <when>2026-10-03T04:38:12Z</when>
        <when>2026-10-03T04:38:21Z</when>
        <when>2026-10-03T04:38:30Z</when>
        <when>2026-10-03T04:38:42Z</when>
        <when>2026-10-03T04:38:51Z</when>
        <when>2026-10-03T04:39:01Z</when>
        <when>2026-10-03T04:39:11Z</when>
        <when>2026-10-03T04:39:20Z</when>
        <when>2026-10-03T04:39:29Z</when>
        <when>2026-10-03T04:39:39Z</when>
        <when>2026-10-03T04:39:50Z</when>
        <when>2026-10-03T04:40:02Z</when>
        <when>2026-10-03T04:40:15Z</when>
        <when>2026-10-03T04:40:25Z</when>
        <when>2026-10-03T04:40:36Z</when>
        <when>2026-10-03T04:40:47Z</when>
        <when>2026-10-03T04:40:57Z</when>
        <when>2026-10-03T04:41:06Z</when>
        <when>2026-10-03T04:41:17Z</when>
        <when>2026-10-03T04:41:29Z</when>
        <when>2026-10-03T04:41:40Z</when>
        <when>2026-10-03T04:41:52Z</when>
        <when>2026-10-03T04:42:04Z</when>
        <when>2026-10-03T04:42:13Z</when>
        <when>2026-10-03T04:42:21Z</when>
        <when>2026-10-03T04:42:31Z</when>
        <when>2026-10-03T04:42:41Z</when>
        <when>2026-10-03T04:42:51Z</when>
        <when>2026-10-03T04:43:02Z</when>
        <when>2026-10-03T04:43:13Z</when>
        <when>2026-10-03T04:43:24Z</when>
        <when>2026-10-03T04:43:34Z</when>
        <when>2026-10-03T04:43:44Z</when>
        <when>2026-10-03T04:43:53Z</when>
        <when>2026-10-03T04:44:02Z</when>
        <when>2026-10-03T04:44:12Z</when>
        <when>2026-10-03T04:44:21Z</when>
        <when>2026-10-03T04:44:30Z</when>
        <when>2026-10-03T04:44:39Z</when>
        <when>2026-10-03T04:44:47Z</when>
        <when>2026-10-03T04:44:56Z</when>
        <when>2026-10-03T04:45:06Z</when>
        <when>2026-10-03T04:45:16Z</when>
        <when>2026-10-03T04:45:26Z</when>
        <when>2026-10-03T04:45:35Z</when>
        <when>2026-10-03T04:45:43Z</when>
        <when>2026-10-03T04:45:53Z</when>
        <when>2026-10-03T04:46:05Z</when>
        <when>2026-10-03T04:46:15Z</when>
        <when>2026-10-03T04:46:25Z</when>
        <when>2026-10-03T04:46:40Z</when>
        <when>2026-10-03T04:46:49Z</when>
        <when>2026-10-03T04:46:58Z</when>
        <when>2026-10-03T04:47:06Z</when>
        <when>2026-10-03T04:47:13Z</when>
        <when>2026-10-03T04:47:21Z</when>
        <when>2026-10-03T04:47:29Z</when>
        <when>2026-10-03T04:47:38Z</when>
        <when>2026-10-03T04:47:51Z</when>
        <when>2026-10-03T04:48:04Z</when>
        <when>2026-10-03T04:48:13Z</when>
        <when>2026-10-03T04:48:21Z</when>
        <when>2026-10-03T04:48:31Z</when>
        <when>2026-10-03T04:48:40Z</when>
        <when>2026-10-03T04:48:50Z</when>
        <when>2026-10-03T04:48:58Z</when>
        <when>2026-10-03T04:49:06Z</when>
        <when>2026-10-03T04:49:15Z</when>
        <when>2026-10-03T04:49:24Z</when>
        <when>2026-10-03T04:49:39Z</when>
        <when>2026-10-03T04:49:48Z</when>
        <when>2026-10-03T04:49:58Z</when>
        <when>2026-10-03T04:50:06Z</when>
        <when>2026-10-03T04:50:18Z</when>
        <when>2026-10-03T04:50:35Z</when>
        <when>2026-10-03T04:50:43Z</when>
        <when>2026-10-03T04:51:11Z</when>
        <when>2026-10-03T04:53:04Z</when>
        <when>2026-10-03T04:53:16Z</when>
        <when>2026-10-03T04:53:26Z</when>
        <when>2026-10-03T04:53:40Z</when>
        <when>2026-10-03T04:53:48Z</when>
        <when>2026-10-03T04:53:56Z</when>
        <when>2026-10-03T04:54:04Z</when>
        <when>2026-10-03T04:54:26Z</when>
        <when>2026-10-03T04:54:38Z</when>
        <when>2026-10-03T04:54:47Z</when>
        <when>2026-10-03T04:54:56Z</when>
        <when>2026-10-03T04:55:05Z</when>
        <when>2026-10-03T04:55:14Z</when>
        <when>2026-10-03T04:55:23Z</when>
        <when>2026-10-03T04:55:31Z</when>
        <when>2026-10-03T04:55:37Z</when>
        <when>2026-10-03T04:55:45Z</when>
        <when>2026-10-03T04:55:54Z</when>
        <when>2026-10-03T04:56:01Z</when>
        <when>2026-10-03T04:56:11Z</when>
        <when>2026-10-03T04:56:20Z</when>
        <when>2026-10-03T04:56:27Z</when>
        <when>2026-10-03T04:56:35Z</when>
        <when>2026-10-03T04:56:47Z</when>
        <when>2026-10-03T04:56:57Z</when>
        <when>2026-10-03T04:57:12Z</when>
        <when>2026-10-03T04:57:22Z</when>
        <when>2026-10-03T04:57:33Z</when>
        <when>2026-10-03T04:57:44Z</when>
        <when>2026-10-03T04:57:56Z</when>
        <when>2026-10-03T04:58:08Z</when>
        <when>2026-10-03T04:58:22Z</when>
        <when>2026-10-03T04:58:29Z</when>
        <when>2026-10-03T04:58:57Z</when>
        <when>2026-10-03T04:59:11Z</when>
        <when>2026-10-03T04:59:29Z</when>
        <when>2026-10-03T04:59:39Z</when>
        <when>2026-10-03T04:59:51Z</when>
        <when>2026-10-03T05:00:05Z</when>
        <when>2026-10-03T05:00:18Z</when>
        <when>2026-10-03T05:00:27Z</when>
        <when>2026-10-03T05:00:39Z</when>
        <when>2026-10-03T05:00:52Z</when>
        <when>2026-10-03T05:00:59Z</when>
        <when>2026-10-03T05:01:12Z</when>
        <when>2026-10-03T05:01:23Z</when>
        <when>2026-10-03T05:01:35Z</when>
        <when>2026-10-03T05:01:46Z</when>
        <when>2026-10-03T05:01:54Z</when>
        <when>2026-10-03T05:02:03Z</when>
        <when>2026-10-03T05:02:13Z</when>
        <when>2026-10-03T05:02:21Z</when>
        <when>2026-10-03T05:02:31Z</when>
        <when>2026-10-03T05:02:37Z</when>
        <when>2026-10-03T05:02:46Z</when>
        <when>2026-10-03T05:03:04Z</when>
        <when>2026-10-03T05:03:12Z</when>
        <when>2026-10-03T05:03:21Z</when>
        <when>2026-10-03T05:03:29Z</when>
        <when>2026-10-03T05:03:38Z</when>
        <when>2026-10-03T05:03:47Z</when>
        <when>2026-10-03T05:03:57Z</when>
        <when>2026-10-03T05:04:05Z</when>
        <when>2026-10-03T05:04:15Z</when>
        <when>2026-10-03T05:04:22Z</when>
        <when>2026-10-03T05:04:31Z</when>
        <when>2026-10-03T05:04:41Z</when>
        <when>2026-10-03T05:04:51Z</when>
        <when>2026-10-03T05:05:00Z</when>
        <when>2026-10-03T05:05:09Z</when>
        <when>2026-10-03T05:05:22Z</when>
        <when>2026-10-03T05:05:31Z</when>
        <when>2026-10-03T05:05:42Z</when>
        <when>2026-10-03T05:05:53Z</when>
        <when>2026-10-03T05:06:06Z</when>
        <when>2026-10-03T05:06:14Z</when>
        <when>2026-10-03T05:06:21Z</when>
        <when>2026-10-03T05:06:32Z</when>
        <when>2026-10-03T05:06:42Z</when>
        <when>2026-10-03T05:06:55Z</when>
        <when>2026-10-03T05:07:05Z</when>
        <when>2026-10-03T05:07:17Z</when>
        <when>2026-10-03T05:07:28Z</when>
        <when>2026-10-03T05:07:38Z</when>
        <when>2026-10-03T05:07:55Z</when>
        <when>2026-10-03T05:08:07Z</when>
        <when>2026-10-03T05:08:23Z</when>
        <when>2026-10-03T05:09:02Z</when>
        <when>2026-10-03T05:09:11Z</when>
        <when>2026-10-03T05:09:21Z</when>
        <when>2026-10-03T05:09:37Z</when>
        <when>2026-10-03T05:09:51Z</when>
        <when>2026-10-03T05:10:11Z</when>
        <when>2026-10-03T05:10:31Z</when>
        <when>2026-10-03T05:10:41Z</when>
        <when>2026-10-03T05:10:51Z</when>
        <when>2026-10-03T05:11:02Z</when>
        <when>2026-10-03T05:11:13Z</when>
        <when>2026-10-03T05:11:24Z</when>
        <when>2026-10-03T05:11:35Z</when>
        <when>2026-10-03T05:11:48Z</when>
        <when>2026-10-03T05:12:01Z</when>
        <when>2026-10-03T05:12:22Z</when>
        <when>2026-10-03T05:12:31Z</when>
        <when>2026-10-03T05:12:40Z</when>
        <when>2026-10-03T05:12:49Z</when>
        <when>2026-10-03T05:12:59Z</when>
        <when>2026-10-03T05:13:09Z</when>
        <when>2026-10-03T05:13:19Z</when>
        <when>2026-10-03T05:13:28Z</when>
        <when>2026-10-03T05:13:37Z</when>
        <when>2026-10-03T05:13:46Z</when>
        <when>2026-10-03T05:13:55Z</when>
        <when>2026-10-03T05:14:07Z</when>
        <when>2026-10-03T05:14:23Z</when>
        <when>2026-10-03T05:14:36Z</when>
        <when>2026-10-03T05:14:49Z</when>
        <when>2026-10-03T05:15:00Z</when>
        <when>2026-10-03T05:15:10Z</when>
        <when>2026-10-03T05:15:29Z</when>
        <when>2026-10-03T05:15:47Z</when>
        <when>2026-10-03T05:16:35Z</when>
        <when>2026-10-03T05:16:45Z</when>
        <when>2026-10-03T05:16:57Z</when>
        <when>2026-10-03T05:17:10Z</when>
        <when>2026-10-03T05:17:17Z</when>
        <when>2026-10-03T05:17:28Z</when>
        <when>2026-10-03T05:17:39Z</when>
        <when>2026-10-03T05:17:47Z</when>
        <when>2026-10-03T05:17:56Z</when>
        <when>2026-10-03T05:18:14Z</when>
        <when>2026-10-03T05:19:28Z</when>
        <when>2026-10-03T05:19:47Z</when>
        <when>2026-10-03T05:19:57Z</when>
        <when>2026-10-03T05:20:09Z</when>
        <when>2026-10-03T05:20:18Z</when>
        <when>2026-10-03T05:20:29Z</when>
        <when>2026-10-03T05:20:41Z</when>
        <when>2026-10-03T05:20:56Z</when>
        <when>2026-10-03T05:21:07Z</when>
        <when>2026-10-03T05:21:16Z</when>
        <when>2026-10-03T05:21:25Z</when>
        <when>2026-10-03T05:21:37Z</when>
        <when>2026-10-03T05:21:47Z</when>
        <when>2026-10-03T05:21:57Z</when>
        <when>2026-10-03T05:22:10Z</when>
        <when>2026-10-03T05:23:22Z</when>
        <when>2026-10-03T05:24:46Z</when>
        <when>2026-10-03T05:25:41Z</when>
        <when>2026-10-03T05:26:53Z</when>
        <when>2026-10-03T05:27:03Z</when>
        <when>2026-10-03T05:27:12Z</when>
        <when>2026-10-03T05:27:20Z</when>
        <when>2026-10-03T05:27:29Z</when>
        <when>2026-10-03T05:27:41Z</when>
        <when>2026-10-03T05:27:49Z</when>
        <when>2026-10-03T05:28:02Z</when>
        <when>2026-10-03T05:28:14Z</when>
        <when>2026-10-03T05:28:25Z</when>
        <when>2026-10-03T05:28:47Z</when>
        <when>2026-10-03T05:28:59Z</when>
        <when>2026-10-03T05:29:12Z</when>
        <when>2026-10-03T05:29:20Z</when>
        <when>2026-10-03T05:29:31Z</when>
        <when>2026-10-03T05:30:01Z</when>
        <when>2026-10-03T05:30:13Z</when>
        <when>2026-10-03T05:30:28Z</when>
        <when>2026-10-03T05:30:40Z</when>
        <when>2026-10-03T05:30:50Z</when>
        <when>2026-10-03T05:31:02Z</when>
        <when>2026-10-03T05:31:10Z</when>
        <when>2026-10-03T05:31:27Z</when>
        <when>2026-10-03T05:31:35Z</when>
        <when>2026-10-03T05:31:45Z</when>
        <when>2026-10-03T05:32:01Z</when>
        <when>2026-10-03T05:32:15Z</when>
        <when>2026-10-03T05:33:18Z</when>
        <when>2026-10-03T05:33:38Z</when>
        <when>2026-10-03T05:33:56Z</when>
        <when>2026-10-03T05:34:50Z</when>
        <when>2026-10-03T05:35:12Z</when>
        <when>2026-10-03T05:35:38Z</when>
        <when>2026-10-03T05:36:06Z</when>
        <when>2026-10-03T05:36:24Z</when>
        <when>2026-10-03T05:36:37Z</when>
        <when>2026-10-03T05:36:47Z</when>
        <when>2026-10-03T05:36:54Z</when>
        <when>2026-10-03T05:37:22Z</when>
        <when>2026-10-03T05:37:44Z</when>
        <when>2026-10-03T05:37:52Z</when>
        <when>2026-10-03T05:41:59Z</when>
        <when>2026-10-03T05:42:23Z</when>
        <when>2026-10-03T05:42:37Z</when>
        <when>2026-10-03T05:42:56Z</when>
        <when>2026-10-03T05:43:07Z</when>
        <when>2026-10-03T05:43:35Z</when>
        <when>2026-10-03T05:43:48Z</when>
        <when>2026-10-03T05:43:58Z</when>
        <when>2026-10-03T05:44:07Z</when>
        <when>2026-10-03T05:44:52Z</when>
        <when>2026-10-03T05:45:17Z</when>
        <when>2026-10-03T05:45:46Z</when>
        <when>2026-10-03T05:46:26Z</when>
        <when>2026-10-03T05:47:04Z</when>
        <when>2026-10-03T05:47:39Z</when>
        <when>2026-10-03T05:48:29Z</when>
        <when>2026-10-03T05:48:40Z</when>
        <when>2026-10-03T05:48:49Z</when>
        <when>2026-10-03T05:49:01Z</when>
        <when>2026-10-03T05:49:12Z</when>
        <when>2026-10-03T05:49:20Z</when>
        <when>2026-10-03T05:49:27Z</when>
        <when>2026-10-03T05:49:36Z</when>
        <when>2026-10-03T05:49:43Z</when>
        <when>2026-10-03T05:49:56Z</when>
        <when>2026-10-03T05:50:08Z</when>
        <when>2026-10-03T05:50:16Z</when>
        <when>2026-10-03T05:50:25Z</when>
        <when>2026-10-03T05:50:33Z</when>
        <when>2026-10-03T05:50:41Z</when>
        <when>2026-10-03T05:50:50Z</when>
        <when>2026-10-03T05:50:59Z</when>
        <when>2026-10-03T05:51:08Z</when>
        <when>2026-10-03T05:51:15Z</when>
        <when>2026-10-03T05:51:23Z</when>
        <when>2026-10-03T05:51:31Z</when>
        <when>2026-10-03T05:51:39Z</when>
        <when>2026-10-03T05:51:47Z</when>
        <when>2026-10-03T05:52:10Z</when>
        <when>2026-10-03T05:52:30Z</when>
        <when>2026-10-03T05:52:57Z</when>
        <when>2026-10-03T05:53:05Z</when>
        <when>2026-10-03T06:00:38Z</when>
        <when>2026-10-03T06:00:55Z</when>
        <when>2026-10-03T06:01:15Z</when>
        <when>2026-10-03T06:01:26Z</when>
        <when>2026-10-03T06:01:36Z</when>
        <when>2026-10-03T06:01:46Z</when>
        <when>2026-10-03T06:01:54Z</when>
        <when>2026-10-03T06:02:02Z</when>
        <when>2026-10-03T06:02:12Z</when>
        <when>2026-10-03T06:03:00Z</when>
        <when>2026-10-03T06:03:13Z</when>
        <when>2026-10-03T06:03:19Z</when>
        <when>2026-10-03T06:03:36Z</when>
        <when>2026-10-03T06:03:46Z</when>
        <when>2026-10-03T06:03:58Z</when>
        <when>2026-10-03T06:04:07Z</when>
        <when>2026-10-03T06:04:16Z</when>
        <when>2026-10-03T06:04:25Z</when>
        <when>2026-10-03T06:04:33Z</when>
        <when>2026-10-03T06:04:42Z</when>
        <when>2026-10-03T06:04:53Z</when>
        <when>2026-10-03T06:05:04Z</when>
        <when>2026-10-03T06:05:12Z</when>
        <when>2026-10-03T06:05:20Z</when>
        <when>2026-10-03T06:05:28Z</when>
        <when>2026-10-03T06:05:36Z</when>
        <when>2026-10-03T06:05:46Z</when>
        <when>2026-10-03T06:05:55Z</when>
        <when>2026-10-03T06:06:05Z</when>
        <when>2026-10-03T06:06:18Z</when>
        <when>2026-10-03T06:06:28Z</when>
        <when>2026-10-03T06:06:37Z</when>
        <when>2026-10-03T06:06:48Z</when>
        <when>2026-10-03T06:06:56Z</when>
        <when>2026-10-03T06:07:07Z</when>
        <when>2026-10-03T06:07:15Z</when>
        <when>2026-10-03T06:07:25Z</when>
        <when>2026-10-03T06:07:34Z</when>
        <when>2026-10-03T06:08:20Z</when>
        <when>2026-10-03T06:08:35Z</when>
        <when>2026-10-03T06:08:53Z</when>
        <when>2026-10-03T06:09:14Z</when>
        <when>2026-10-03T06:09:29Z</when>
        <when>2026-10-03T06:10:17Z</when>
        <when>2026-10-03T06:10:32Z</when>
        <when>2026-10-03T06:10:42Z</when>
        <when>2026-10-03T06:10:51Z</when>
        <when>2026-10-03T06:10:59Z</when>
        <when>2026-10-03T06:11:10Z</when>
        <when>2026-10-03T06:11:18Z</when>
        <when>2026-10-03T06:11:26Z</when>
        <when>2026-10-03T06:11:36Z</when>
        <when>2026-10-03T06:11:52Z</when>
        <when>2026-10-03T06:12:00Z</when>
        <when>2026-10-03T06:12:08Z</when>
        <when>2026-10-03T06:12:15Z</when>
        <when>2026-10-03T06:12:27Z</when>
        <when>2026-10-03T06:12:39Z</when>
        <when>2026-10-03T06:12:55Z</when>
        <when>2026-10-03T06:13:10Z</when>
        <when>2026-10-03T06:13:20Z</when>
        <when>2026-10-03T06:13:29Z</when>
        <when>2026-10-03T06:13:39Z</when>
        <when>2026-10-03T06:17:52Z</when>
        <when>2026-10-03T06:18:46Z</when>
        <when>2026-10-03T06:18:55Z</when>
        <when>2026-10-03T06:19:05Z</when>
        <when>2026-10-03T06:19:38Z</when>
        <when>2026-10-03T06:19:49Z</when>
        <when>2026-10-03T06:20:15Z</when>
        <when>2026-10-03T06:20:53Z</when>
        <when>2026-10-03T06:21:16Z</when>
        <when>2026-10-03T06:21:35Z</when>
        <when>2026-10-03T06:21:53Z</when>
        <when>2026-10-03T06:22:32Z</when>
        <when>2026-10-03T06:22:40Z</when>
        <when>2026-10-03T06:22:53Z</when>
        <when>2026-10-03T06:23:23Z</when>
        <when>2026-10-03T06:23:55Z</when>
        <when>2026-10-03T06:24:03Z</when>
        <when>2026-10-03T06:24:11Z</when>
        <when>2026-10-03T06:24:19Z</when>
        <when>2026-10-03T06:24:39Z</when>
        <when>2026-10-03T06:24:48Z</when>
        <when>2026-10-03T06:24:55Z</when>
        <when>2026-10-03T06:25:04Z</when>
        <when>2026-10-03T06:25:42Z</when>
        <when>2026-10-03T06:25:52Z</when>
        <when>2026-10-03T06:26:00Z</when>
        <when>2026-10-03T06:26:08Z</when>
        <when>2026-10-03T06:26:16Z</when>
        <when>2026-10-03T06:26:22Z</when>
        <when>2026-10-03T06:26:32Z</when>
        <when>2026-10-03T06:26:40Z</when>
        <when>2026-10-03T06:26:50Z</when>
        <when>2026-10-03T06:27:01Z</when>
        <when>2026-10-03T06:27:08Z</when>
        <when>2026-10-03T06:27:15Z</when>
        <when>2026-10-03T06:27:20Z</when>
        <when>2026-10-03T06:27:34Z</when>
        <when>2026-10-03T06:27:45Z</when>
        <when>2026-10-03T06:27:52Z</when>
        <when>2026-10-03T06:28:01Z</when>
        <when>2026-10-03T06:28:11Z</when>
        <when>2026-10-03T06:28:19Z</when>
        <when>2026-10-03T06:28:30Z</when>
        <when>2026-10-03T06:28:42Z</when>
        <when>2026-10-03T06:28:53Z</when>
        <when>2026-10-03T06:29:02Z</when>
        <when>2026-10-03T06:29:15Z</when>
        <when>2026-10-03T06:29:23Z</when>
        <when>2026-10-03T06:29:34Z</when>
        <when>2026-10-03T06:29:43Z</when>
        <when>2026-10-03T06:29:50Z</when>
        <when>2026-10-03T06:29:59Z</when>
        <when>2026-10-03T06:30:10Z</when>
        <when>2026-10-03T06:31:31Z</when>
        <when>2026-10-03T06:31:41Z</when>
        <when>2026-10-03T06:31:54Z</when>
        <when>2026-10-03T06:32:11Z</when>
        <when>2026-10-03T06:32:19Z</when>
        <when>2026-10-03T06:32:29Z</when>
        <when>2026-10-03T06:32:43Z</when>
        <when>2026-10-03T06:32:57Z</when>
        <when>2026-10-03T06:33:06Z</when>
        <when>2026-10-03T06:33:15Z</when>
        <when>2026-10-03T06:33:27Z</when>
        <when>2026-10-03T06:33:38Z</when>
        <when>2026-10-03T06:33:49Z</when>
        <when>2026-10-03T06:34:02Z</when>
        <when>2026-10-03T06:34:17Z</when>
        <when>2026-10-03T06:34:31Z</when>
        <when>2026-10-03T06:34:42Z</when>
        <when>2026-10-03T06:34:53Z</when>
        <when>2026-10-03T06:35:04Z</when>
        <when>2026-10-03T06:35:15Z</when>
        <when>2026-10-03T06:35:29Z</when>
        <when>2026-10-03T06:35:52Z</when>
        <when>2026-10-03T06:37:10Z</when>
        <when>2026-10-03T06:37:26Z</when>
        <when>2026-10-03T06:37:35Z</when>
        <when>2026-10-03T06:38:18Z</when>
        <when>2026-10-03T06:38:49Z</when>
        <when>2026-10-03T06:38:58Z</when>
        <when>2026-10-03T06:39:11Z</when>
        <when>2026-10-03T06:39:23Z</when>
        <when>2026-10-03T06:39:33Z</when>
        <when>2026-10-03T06:39:47Z</when>
        <when>2026-10-03T06:39:59Z</when>
        <when>2026-10-03T06:40:08Z</when>
        <when>2026-10-03T06:40:17Z</when>
        <when>2026-10-03T06:40:25Z</when>
        <when>2026-10-03T06:40:35Z</when>
        <when>2026-10-03T06:40:46Z</when>
        <when>2026-10-03T06:40:54Z</when>
        <when>2026-10-03T06:41:04Z</when>
        <when>2026-10-03T06:41:13Z</when>
        <when>2026-10-03T06:41:24Z</when>
        <when>2026-10-03T06:41:34Z</when>
        <when>2026-10-03T06:41:47Z</when>
        <when>2026-10-03T06:41:56Z</when>
        <when>2026-10-03T06:42:08Z</when>
        <when>2026-10-03T06:42:34Z</when>
        <when>2026-10-03T06:42:43Z</when>
        <when>2026-10-03T06:42:59Z</when>
        <when>2026-10-03T06:43:10Z</when>
        <when>2026-10-03T06:43:18Z</when>
        <when>2026-10-03T06:43:26Z</when>
        <when>2026-10-03T06:43:35Z</when>
        <when>2026-10-03T06:43:43Z</when>
        <when>2026-10-03T06:43:53Z</when>
        <when>2026-10-03T06:44:00Z</when>
        <when>2026-10-03T06:44:09Z</when>
        <when>2026-10-03T06:44:18Z</when>
        <when>2026-10-03T06:44:28Z</when>
        <when>2026-10-03T06:45:13Z</when>
        <when>2026-10-03T06:45:22Z</when>
        <when>2026-10-03T06:45:32Z</when>
        <when>2026-10-03T06:45:41Z</when>
        <when>2026-10-03T06:45:49Z</when>
        <when>2026-10-03T06:45:57Z</when>
        <when>2026-10-03T06:46:07Z</when>
        <when>2026-10-03T06:46:17Z</when>
        <when>2026-10-03T06:46:24Z</when>
        <when>2026-10-03T06:46:33Z</when>
        <when>2026-10-03T06:46:42Z</when>
        <when>2026-10-03T06:46:50Z</when>
        <when>2026-10-03T06:46:59Z</when>
        <when>2026-10-03T06:47:09Z</when>
        <when>2026-10-03T06:47:16Z</when>
        <when>2026-10-03T06:47:24Z</when>
        <when>2026-10-03T06:47:33Z</when>
        <when>2026-10-03T06:47:43Z</when>
        <when>2026-10-03T06:47:53Z</when>
        <when>2026-10-03T06:48:05Z</when>
        <when>2026-10-03T06:48:15Z</when>
        <when>2026-10-03T06:48:23Z</when>
        <when>2026-10-03T06:48:31Z</when>
        <when>2026-10-03T06:48:40Z</when>
        <when>2026-10-03T06:48:48Z</when>
        <when>2026-10-03T06:48:59Z</when>
        <when>2026-10-03T06:49:10Z</when>
        <when>2026-10-03T06:49:20Z</when>
        <when>2026-10-03T06:49:31Z</when>
        <when>2026-10-03T06:49:44Z</when>
        <when>2026-10-03T06:49:55Z</when>
        <when>2026-10-03T06:50:10Z</when>
        <when>2026-10-03T06:50:24Z</when>
        <when>2026-10-03T06:50:34Z</when>
        <when>2026-10-03T06:50:44Z</when>
        <when>2026-10-03T06:50:54Z</when>
        <when>2026-10-03T06:51:06Z</when>
        <when>2026-10-03T06:51:17Z</when>
        <when>2026-10-03T06:51:35Z</when>
        <when>2026-10-03T06:51:47Z</when>
        <when>2026-10-03T06:51:55Z</when>
        <when>2026-10-03T06:52:03Z</when>
        <when>2026-10-03T06:52:12Z</when>
        <when>2026-10-03T06:52:21Z</when>
        <when>2026-10-03T06:52:28Z</when>
        <when>2026-10-03T06:53:58Z</when>
        <when>2026-10-03T06:58:46Z</when>
        <when>2026-10-03T06:59:11Z</when>
        <when>2026-10-03T06:59:21Z</when>
        <when>2026-10-03T06:59:28Z</when>
        <when>2026-10-03T06:59:38Z</when>
        <when>2026-10-03T06:59:47Z</when>
        <when>2026-10-03T06:59:54Z</when>
        <when>2026-10-03T07:00:00Z</when>
        <when>2026-10-03T07:00:09Z</when>
        <when>2026-10-03T07:00:20Z</when>
        <when>2026-10-03T07:00:30Z</when>
        <when>2026-10-03T07:00:40Z</when>
        <when>2026-10-03T07:00:50Z</when>
        <when>2026-10-03T07:00:59Z</when>
        <when>2026-10-03T07:01:06Z</when>
        <when>2026-10-03T07:01:18Z</when>
        <when>2026-10-03T07:01:24Z</when>
        <when>2026-10-03T07:01:30Z</when>
        <when>2026-10-03T07:01:41Z</when>
        <when>2026-10-03T07:02:01Z</when>
        <when>2026-10-03T07:02:31Z</when>
        <when>2026-10-03T07:02:40Z</when>
        <when>2026-10-03T07:02:49Z</when>
        <when>2026-10-03T07:02:57Z</when>
        <when>2026-10-03T07:03:07Z</when>
        <when>2026-10-03T07:03:16Z</when>
        <when>2026-10-03T07:03:25Z</when>
        <when>2026-10-03T07:03:34Z</when>
        <when>2026-10-03T07:03:43Z</when>
        <when>2026-10-03T07:03:52Z</when>
        <when>2026-10-03T07:04:01Z</when>
        <when>2026-10-03T07:04:11Z</when>
        <when>2026-10-03T07:04:20Z</when>
        <when>2026-10-03T07:04:28Z</when>
        <when>2026-10-03T07:04:36Z</when>
        <when>2026-10-03T07:04:47Z</when>
        <when>2026-10-03T07:04:55Z</when>
        <when>2026-10-03T07:05:03Z</when>
        <when>2026-10-03T07:05:12Z</when>
        <when>2026-10-03T07:05:27Z</when>
        <when>2026-10-03T07:05:38Z</when>
        <when>2026-10-03T07:05:49Z</when>
        <when>2026-10-03T07:05:58Z</when>
        <when>2026-10-03T07:06:07Z</when>
        <when>2026-10-03T07:06:15Z</when>
        <when>2026-10-03T07:06:24Z</when>
        <when>2026-10-03T07:06:34Z</when>
        <when>2026-10-03T07:06:43Z</when>
        <when>2026-10-03T07:06:51Z</when>
        <when>2026-10-03T07:07:00Z</when>
        <when>2026-10-03T07:07:09Z</when>
        <when>2026-10-03T07:07:20Z</when>
        <when>2026-10-03T07:07:30Z</when>
        <when>2026-10-03T07:07:39Z</when>
        <when>2026-10-03T07:07:49Z</when>
        <when>2026-10-03T07:07:57Z</when>
        <when>2026-10-03T07:08:08Z</when>
        <when>2026-10-03T07:08:16Z</when>
        <when>2026-10-03T07:08:28Z</when>
        <when>2026-10-03T07:08:39Z</when>
        <when>2026-10-03T07:08:47Z</when>
        <when>2026-10-03T07:08:57Z</when>
        <when>2026-10-03T07:09:09Z</when>
        <when>2026-10-03T07:09:16Z</when>
        <when>2026-10-03T07:09:23Z</when>
        <when>2026-10-03T07:09:32Z</when>
        <when>2026-10-03T07:09:40Z</when>
        <when>2026-10-03T07:09:50Z</when>
        <when>2026-10-03T07:10:05Z</when>
        <when>2026-10-03T07:10:18Z</when>
        <when>2026-10-03T07:10:26Z</when>
        <when>2026-10-03T07:10:36Z</when>
        <when>2026-10-03T07:18:39Z</when>
        <when>2026-10-03T07:20:38Z</when>
        <when>2026-10-03T07:20:54Z</when>
        <when>2026-10-03T07:21:08Z</when>
        <when>2026-10-03T07:21:20Z</when>
        <when>2026-10-03T07:21:34Z</when>
        <when>2026-10-03T07:21:47Z</when>
        <when>2026-10-03T07:21:57Z</when>
        <when>2026-10-03T07:22:08Z</when>
        <when>2026-10-03T07:22:18Z</when>
        <when>2026-10-03T07:22:30Z</when>
        <when>2026-10-03T07:22:41Z</when>
        <when>2026-10-03T07:22:53Z</when>
        <when>2026-10-03T07:23:02Z</when>
        <when>2026-10-03T07:23:11Z</when>
        <when>2026-10-03T07:23:23Z</when>
        <when>2026-10-03T07:23:33Z</when>
        <when>2026-10-03T07:23:43Z</when>
        <when>2026-10-03T07:23:52Z</when>
        <when>2026-10-03T07:24:01Z</when>
        <when>2026-10-03T07:25:08Z</when>
        <when>2026-10-03T07:25:24Z</when>
        <when>2026-10-03T07:25:38Z</when>
        <when>2026-10-03T07:25:55Z</when>
        <when>2026-10-03T07:26:06Z</when>
        <when>2026-10-03T07:26:17Z</when>
        <when>2026-10-03T07:26:35Z</when>
        <when>2026-10-03T07:26:42Z</when>
        <when>2026-10-03T07:26:55Z</when>
        <when>2026-10-03T07:27:12Z</when>
        <when>2026-10-03T07:27:28Z</when>
        <when>2026-10-03T07:27:39Z</when>
        <when>2026-10-03T07:27:54Z</when>
        <when>2026-10-03T07:28:02Z</when>
        <when>2026-10-03T07:28:17Z</when>
        <when>2026-10-03T07:28:51Z</when>
        <when>2026-10-03T07:29:01Z</when>
        <when>2026-10-03T07:29:13Z</when>
        <when>2026-10-03T07:29:21Z</when>
        <when>2026-10-03T07:29:29Z</when>
        <when>2026-10-03T07:29:41Z</when>
        <when>2026-10-03T07:29:53Z</when>
        <when>2026-10-03T07:30:12Z</when>
        <when>2026-10-03T07:30:23Z</when>
        <when>2026-10-03T07:30:34Z</when>
        <when>2026-10-03T07:30:41Z</when>
        <when>2026-10-03T07:30:52Z</when>
        <when>2026-10-03T07:31:04Z</when>
        <when>2026-10-03T07:31:15Z</when>
        <when>2026-10-03T07:31:26Z</when>
        <when>2026-10-03T07:31:35Z</when>
        <when>2026-10-03T07:31:44Z</when>
        <when>2026-10-03T07:31:54Z</when>
        <when>2026-10-03T07:32:02Z</when>
        <when>2026-10-03T07:32:12Z</when>
        <when>2026-10-03T07:32:25Z</when>
        <when>2026-10-03T07:32:34Z</when>
        <when>2026-10-03T07:32:45Z</when>
        <when>2026-10-03T07:33:00Z</when>
        <when>2026-10-03T07:33:18Z</when>
        <when>2026-10-03T07:33:32Z</when>
        <when>2026-10-03T07:33:41Z</when>
        <when>2026-10-03T07:33:56Z</when>
        <when>2026-10-03T07:34:17Z</when>
        <when>2026-10-03T07:34:37Z</when>
        <when>2026-10-03T07:34:52Z</when>
        <when>2026-10-03T07:35:09Z</when>
        <when>2026-10-03T07:35:19Z</when>
        <when>2026-10-03T07:35:29Z</when>
        <when>2026-10-03T07:35:44Z</when>
        <when>2026-10-03T07:35:57Z</when>
        <when>2026-10-03T07:36:08Z</when>
        <when>2026-10-03T07:36:16Z</when>
        <when>2026-10-03T07:36:26Z</when>
        <when>2026-10-03T07:36:34Z</when>
        <when>2026-10-03T07:36:56Z</when>
        <when>2026-10-03T07:37:07Z</when>
        <when>2026-10-03T07:37:19Z</when>
        <when>2026-10-03T07:37:29Z</when>
        <when>2026-10-03T07:37:46Z</when>
        <when>2026-10-03T07:37:58Z</when>
        <when>2026-10-03T07:38:11Z</when>
        <when>2026-10-03T07:38:26Z</when>
        <when>2026-10-03T07:38:38Z</when>
        <when>2026-10-03T07:38:49Z</when>
        <when>2026-10-03T07:39:05Z</when>
        <when>2026-10-03T07:39:18Z</when>
        <when>2026-10-03T07:40:38Z</when>
        <when>2026-10-03T07:40:55Z</when>
        <when>2026-10-03T07:41:06Z</when>
        <when>2026-10-03T07:41:16Z</when>
        <when>2026-10-03T07:41:27Z</when>
        <when>2026-10-03T07:41:42Z</when>
        <when>2026-10-03T07:42:02Z</when>
        <when>2026-10-03T07:42:18Z</when>
        <when>2026-10-03T07:42:33Z</when>
        <when>2026-10-03T07:42:43Z</when>
        <when>2026-10-03T07:42:52Z</when>
        <when>2026-10-03T07:43:00Z</when>
        <when>2026-10-03T07:43:11Z</when>
        <when>2026-10-03T07:43:30Z</when>
        <when>2026-10-03T07:43:37Z</when>
        <when>2026-10-03T07:43:54Z</when>
        <when>2026-10-03T07:44:05Z</when>
        <when>2026-10-03T07:44:17Z</when>
        <when>2026-10-03T07:44:27Z</when>
        <when>2026-10-03T07:44:39Z</when>
        <when>2026-10-03T07:44:52Z</when>
        <when>2026-10-03T07:45:06Z</when>
        <when>2026-10-03T07:45:23Z</when>
        <when>2026-10-03T07:45:53Z</when>
        <when>2026-10-03T07:46:06Z</when>
        <when>2026-10-03T07:46:26Z</when>
        <when>2026-10-03T07:46:40Z</when>
        <when>2026-10-03T07:46:51Z</when>
        <when>2026-10-03T07:47:02Z</when>
        <when>2026-10-03T07:47:11Z</when>
        <when>2026-10-03T07:47:24Z</when>
        <when>2026-10-03T07:47:34Z</when>
        <when>2026-10-03T07:47:46Z</when>
        <when>2026-10-03T07:47:57Z</when>
        <when>2026-10-03T07:48:08Z</when>
        <when>2026-10-03T07:48:18Z</when>
        <when>2026-10-03T07:48:28Z</when>
        <when>2026-10-03T07:48:37Z</when>
        <when>2026-10-03T07:48:47Z</when>
        <when>2026-10-03T07:48:58Z</when>
        <when>2026-10-03T07:49:12Z</when>
        <when>2026-10-03T07:49:26Z</when>
        <when>2026-10-03T07:49:40Z</when>
        <when>2026-10-03T07:49:54Z</when>
        <when>2026-10-03T07:50:04Z</when>
        <when>2026-10-03T07:50:25Z</when>
        <when>2026-10-03T07:50:35Z</when>
        <when>2026-10-03T07:50:45Z</when>
        <when>2026-10-03T07:50:56Z</when>
        <when>2026-10-03T07:51:07Z</when>
        <when>2026-10-03T07:51:23Z</when>
        <when>2026-10-03T07:51:36Z</when>
        <when>2026-10-03T07:51:49Z</when>
        <when>2026-10-03T07:51:59Z</when>
        <when>2026-10-03T07:52:09Z</when>
        <when>2026-10-03T07:52:17Z</when>
        <when>2026-10-03T07:52:28Z</when>
        <when>2026-10-03T07:52:37Z</when>
        <when>2026-10-03T07:52:47Z</when>
        <when>2026-10-03T07:52:56Z</when>
        <when>2026-10-03T07:53:06Z</when>
        <when>2026-10-03T07:53:17Z</when>
        <when>2026-10-03T07:53:27Z</when>
        <when>2026-10-03T07:53:39Z</when>
        <when>2026-10-03T07:53:53Z</when>
        <when>2026-10-03T07:54:06Z</when>
        <when>2026-10-03T07:54:18Z</when>
        <when>2026-10-03T07:54:28Z</when>
        <when>2026-10-03T07:54:37Z</when>
        <when>2026-10-03T07:54:49Z</when>
        <when>2026-10-03T07:55:02Z</when>
        <when>2026-10-03T07:55:11Z</when>
        <when>2026-10-03T07:55:19Z</when>
        <when>2026-10-03T07:55:29Z</when>
        <when>2026-10-03T07:55:41Z</when>
        <when>2026-10-03T07:55:54Z</when>
        <when>2026-10-03T07:56:05Z</when>
        <when>2026-10-03T07:56:13Z</when>
        <when>2026-10-03T07:56:22Z</when>
        <when>2026-10-03T07:56:30Z</when>
        <when>2026-10-03T07:56:41Z</when>
        <when>2026-10-03T07:56:56Z</when>
        <when>2026-10-03T07:57:05Z</when>
        <when>2026-10-03T07:57:14Z</when>
        <when>2026-10-03T07:57:23Z</when>
        <when>2026-10-03T07:57:32Z</when>
        <when>2026-10-03T07:57:42Z</when>
        <when>2026-10-03T07:57:50Z</when>
        <when>2026-10-03T07:58:01Z</when>
        <when>2026-10-03T07:58:16Z</when>
        <when>2026-10-03T07:58:24Z</when>
        <when>2026-10-03T07:58:43Z</when>
        <when>2026-10-03T07:58:57Z</when>
        <when>2026-10-03T07:59:44Z</when>
        <when>2026-10-03T08:00:02Z</when>
        <when>2026-10-03T08:00:16Z</when>
        <when>2026-10-03T08:00:25Z</when>
        <when>2026-10-03T08:00:45Z</when>
        <when>2026-10-03T08:01:00Z</when>
        <when>2026-10-03T08:01:10Z</when>
        <when>2026-10-03T08:01:21Z</when>
        <when>2026-10-03T08:01:34Z</when>
        <when>2026-10-03T08:01:54Z</when>
        <when>2026-10-03T08:02:04Z</when>
        <when>2026-10-03T08:02:15Z</when>
        <when>2026-10-03T08:02:25Z</when>
        <when>2026-10-03T08:02:35Z</when>
        <when>2026-10-03T08:02:47Z</when>
        <when>2026-10-03T08:02:59Z</when>
        <when>2026-10-03T08:03:13Z</when>
        <when>2026-10-03T08:03:27Z</when>
        <when>2026-10-03T08:03:40Z</when>
        <when>2026-10-03T08:03:54Z</when>
        <when>2026-10-03T08:04:05Z</when>
        <when>2026-10-03T08:04:15Z</when>
        <when>2026-10-03T08:04:24Z</when>
        <when>2026-10-03T08:04:34Z</when>
        <when>2026-10-03T08:04:44Z</when>
        <when>2026-10-03T08:04:55Z</when>
        <when>2026-10-03T08:05:15Z</when>
        <when>2026-10-03T08:05:25Z</when>
        <when>2026-10-03T08:05:35Z</when>
        <when>2026-10-03T08:05:48Z</when>
        <when>2026-10-03T08:05:58Z</when>
        <when>2026-10-03T08:06:10Z</when>
        <when>2026-10-03T08:06:19Z</when>
        <when>2026-10-03T08:06:33Z</when>
        <when>2026-10-03T08:06:42Z</when>
        <when>2026-10-03T08:06:53Z</when>
        <when>2026-10-03T08:07:05Z</when>
        <when>2026-10-03T08:07:14Z</when>
        <when>2026-10-03T08:07:24Z</when>
        <when>2026-10-03T08:07:32Z</when>
        <when>2026-10-03T08:07:41Z</when>
        <when>2026-10-03T08:07:51Z</when>
        <when>2026-10-03T08:08:02Z</when>
        <when>2026-10-03T08:08:14Z</when>
        <when>2026-10-03T08:08:28Z</when>
        <when>2026-10-03T08:08:42Z</when>
        <when>2026-10-03T08:08:54Z</when>
        <when>2026-10-03T08:09:09Z</when>
        <when>2026-10-03T08:09:17Z</when>
        <when>2026-10-03T08:09:28Z</when>
        <when>2026-10-03T08:09:40Z</when>
        <when>2026-10-03T08:09:54Z</when>
        <when>2026-10-03T08:10:08Z</when>
        <when>2026-10-03T08:10:20Z</when>
        <when>2026-10-03T08:11:14Z</when>
        <when>2026-10-03T08:11:26Z</when>
        <when>2026-10-03T08:11:38Z</when>
        <when>2026-10-03T08:11:54Z</when>
        <when>2026-10-03T08:12:11Z</when>
        <when>2026-10-03T08:12:21Z</when>
        <when>2026-10-03T08:12:32Z</when>
        <when>2026-10-03T08:12:42Z</when>
        <when>2026-10-03T08:12:51Z</when>
        <when>2026-10-03T08:13:00Z</when>
        <when>2026-10-03T08:13:10Z</when>
        <when>2026-10-03T08:13:25Z</when>
        <when>2026-10-03T08:13:34Z</when>
        <when>2026-10-03T08:13:45Z</when>
        <when>2026-10-03T08:13:56Z</when>
        <when>2026-10-03T08:14:10Z</when>
        <when>2026-10-03T08:14:19Z</when>
        <when>2026-10-03T08:14:30Z</when>
        <when>2026-10-03T08:14:39Z</when>
        <when>2026-10-03T08:14:48Z</when>
        <when>2026-10-03T08:14:56Z</when>
        <when>2026-10-03T08:15:06Z</when>
        <when>2026-10-03T08:15:27Z</when>
        <when>2026-10-03T08:15:37Z</when>
        <when>2026-10-03T08:16:54Z</when>
        <when>2026-10-03T08:17:34Z</when>
        <when>2026-10-03T08:18:31Z</when>
        <when>2026-10-03T08:19:10Z</when>
        <when>2026-10-03T08:19:33Z</when>
        <when>2026-10-03T08:20:00Z</when>
        <when>2026-10-03T08:20:16Z</when>
        <when>2026-10-03T08:20:41Z</when>
        <when>2026-10-03T08:20:52Z</when>
        <when>2026-10-03T08:21:01Z</when>
        <when>2026-10-03T08:21:10Z</when>
        <when>2026-10-03T08:21:19Z</when>
        <when>2026-10-03T08:21:56Z</when>
        <when>2026-10-03T08:22:06Z</when>
        <when>2026-10-03T08:22:17Z</when>
        <when>2026-10-03T08:22:26Z</when>
        <when>2026-10-03T08:22:35Z</when>
        <when>2026-10-03T08:22:47Z</when>
        <when>2026-10-03T08:23:01Z</when>
        <when>2026-10-03T08:23:11Z</when>
        <when>2026-10-03T08:23:35Z</when>
        <when>2026-10-03T08:23:45Z</when>
        <when>2026-10-03T08:24:29Z</when>
        <when>2026-10-03T08:24:41Z</when>
        <when>2026-10-03T08:24:51Z</when>
        <when>2026-10-03T08:25:00Z</when>
        <when>2026-10-03T08:25:09Z</when>
        <when>2026-10-03T08:25:19Z</when>
        <when>2026-10-03T08:25:29Z</when>
        <when>2026-10-03T08:25:39Z</when>
        <when>2026-10-03T08:25:50Z</when>
        <when>2026-10-03T08:26:03Z</when>
        <when>2026-10-03T08:26:12Z</when>
        <when>2026-10-03T08:26:20Z</when>
        <when>2026-10-03T08:26:28Z</when>
        <when>2026-10-03T08:26:37Z</when>
        <when>2026-10-03T08:26:47Z</when>
        <when>2026-10-03T08:27:00Z</when>
        <when>2026-10-03T08:27:11Z</when>
        <when>2026-10-03T08:27:58Z</when>
        <when>2026-10-03T08:28:16Z</when>
        <when>2026-10-03T08:34:30Z</when>
        <when>2026-10-03T08:35:32Z</when>
        <when>2026-10-03T08:35:51Z</when>
        <when>2026-10-03T08:36:02Z</when>
        <when>2026-10-03T08:36:12Z</when>
        <when>2026-10-03T08:36:23Z</when>
        <when>2026-10-03T08:36:33Z</when>
        <when>2026-10-03T08:36:43Z</when>
        <when>2026-10-03T08:36:53Z</when>
        <when>2026-10-03T08:37:03Z</when>
        <when>2026-10-03T08:37:12Z</when>
        <when>2026-10-03T08:37:22Z</when>
        <when>2026-10-03T08:37:34Z</when>
        <when>2026-10-03T08:37:43Z</when>
        <when>2026-10-03T08:37:50Z</when>
        <when>2026-10-03T08:38:04Z</when>
        <when>2026-10-03T08:38:16Z</when>
        <when>2026-10-03T08:38:29Z</when>
        <when>2026-10-03T08:38:39Z</when>
        <when>2026-10-03T08:38:48Z</when>
        <when>2026-10-03T08:39:04Z</when>
        <when>2026-10-03T08:42:06Z</when>
        <when>2026-10-03T08:42:19Z</when>
        <when>2026-10-03T08:42:32Z</when>
        <when>2026-10-03T08:43:00Z</when>
        <when>2026-10-03T08:43:15Z</when>
        <when>2026-10-03T08:43:24Z</when>
        <when>2026-10-03T08:43:46Z</when>
        <when>2026-10-03T08:44:38Z</when>
        <when>2026-10-03T08:44:49Z</when>
        <when>2026-10-03T08:45:02Z</when>
        <when>2026-10-03T08:45:15Z</when>
        <when>2026-10-03T08:45:25Z</when>
        <when>2026-10-03T08:45:52Z</when>
        <when>2026-10-03T08:46:05Z</when>
        <when>2026-10-03T08:46:17Z</when>
        <when>2026-10-03T08:46:26Z</when>
        <when>2026-10-03T08:46:37Z</when>
        <when>2026-10-03T08:47:43Z</when>
        <when>2026-10-03T08:48:09Z</when>
        <when>2026-10-03T08:48:19Z</when>
        <when>2026-10-03T08:48:38Z</when>
        <when>2026-10-03T08:49:02Z</when>
        <when>2026-10-03T08:49:10Z</when>
        <when>2026-10-03T08:49:21Z</when>
        <when>2026-10-03T08:49:36Z</when>
        <when>2026-10-03T08:49:51Z</when>
        <when>2026-10-03T08:50:10Z</when>
        <when>2026-10-03T08:50:34Z</when>
        <when>2026-10-03T08:50:47Z</when>
        <when>2026-10-03T08:50:56Z</when>
        <when>2026-10-03T08:51:05Z</when>
        <when>2026-10-03T08:51:14Z</when>
        <when>2026-10-03T08:51:23Z</when>
        <when>2026-10-03T08:51:32Z</when>
        <when>2026-10-03T08:51:41Z</when>
        <when>2026-10-03T08:51:51Z</when>
        <when>2026-10-03T08:52:03Z</when>
        <when>2026-10-03T08:52:18Z</when>
        <when>2026-10-03T08:52:29Z</when>
        <when>2026-10-03T08:52:50Z</when>
        <when>2026-10-03T09:43:08Z</when>
        <when>2026-10-03T09:43:43Z</when>
        <when>2026-10-03T09:46:04Z</when>
        <when>2026-10-03T09:46:14Z</when>
        <when>2026-10-03T09:46:28Z</when>
        <when>2026-10-03T09:46:40Z</when>
        <when>2026-10-03T09:46:53Z</when>
        <when>2026-10-03T09:47:04Z</when>
        <when>2026-10-03T09:47:17Z</when>
        <when>2026-10-03T09:47:28Z</when>
        <when>2026-10-03T09:47:37Z</when>
        <when>2026-10-03T09:47:47Z</when>
        <when>2026-10-03T09:47:55Z</when>
        <when>2026-10-03T09:48:06Z</when>
        <when>2026-10-03T09:48:24Z</when>
        <when>2026-10-03T09:48:39Z</when>
        <when>2026-10-03T09:48:49Z</when>
        <when>2026-10-03T09:48:59Z</when>
        <when>2026-10-03T09:49:06Z</when>
        <when>2026-10-03T09:49:14Z</when>
        <when>2026-10-03T09:49:26Z</when>
        <when>2026-10-03T09:49:39Z</when>
        <when>2026-10-03T09:49:50Z</when>
        <when>2026-10-03T09:50:01Z</when>
        <when>2026-10-03T09:50:11Z</when>
        <when>2026-10-03T09:50:20Z</when>
        <when>2026-10-03T09:50:31Z</when>
        <when>2026-10-03T09:50:42Z</when>
        <when>2026-10-03T09:50:52Z</when>
        <when>2026-10-03T09:51:07Z</when>
        <when>2026-10-03T09:51:16Z</when>
        <when>2026-10-03T09:51:26Z</when>
        <when>2026-10-03T09:51:35Z</when>
        <when>2026-10-03T09:51:42Z</when>
        <when>2026-10-03T09:51:52Z</when>
        <when>2026-10-03T09:52:00Z</when>
        <when>2026-10-03T09:52:12Z</when>
        <when>2026-10-03T09:52:20Z</when>
        <when>2026-10-03T09:52:29Z</when>
        <when>2026-10-03T09:52:37Z</when>
        <when>2026-10-03T09:52:45Z</when>
        <when>2026-10-03T09:53:28Z</when>
        <when>2026-10-03T09:53:37Z</when>
        <when>2026-10-03T09:53:44Z</when>
        <when>2026-10-03T09:53:54Z</when>
        <when>2026-10-03T09:54:04Z</when>
        <when>2026-10-03T09:54:15Z</when>
        <when>2026-10-03T09:54:23Z</when>
        <when>2026-10-03T09:54:35Z</when>
        <when>2026-10-03T09:54:48Z</when>
        <when>2026-10-03T09:54:57Z</when>
        <when>2026-10-03T09:55:06Z</when>
        <when>2026-10-03T09:55:16Z</when>
        <when>2026-10-03T09:55:30Z</when>
        <when>2026-10-03T09:55:39Z</when>
        <when>2026-10-03T09:55:46Z</when>
        <when>2026-10-03T09:55:53Z</when>
        <when>2026-10-03T09:56:05Z</when>
        <when>2026-10-03T09:56:14Z</when>
        <when>2026-10-03T09:56:26Z</when>
        <when>2026-10-03T09:56:36Z</when>
        <when>2026-10-03T09:56:46Z</when>
        <when>2026-10-03T09:56:57Z</when>
        <when>2026-10-03T09:57:04Z</when>
        <when>2026-10-03T09:57:12Z</when>
        <when>2026-10-03T09:57:20Z</when>
        <when>2026-10-03T09:57:33Z</when>
        <when>2026-10-03T09:57:41Z</when>
        <when>2026-10-03T09:57:54Z</when>
        <when>2026-10-03T09:58:07Z</when>
        <when>2026-10-03T09:58:16Z</when>
        <when>2026-10-03T09:58:34Z</when>
        <when>2026-10-03T09:58:41Z</when>
        <when>2026-10-03T09:58:50Z</when>
        <when>2026-10-03T09:59:00Z</when>
        <when>2026-10-03T09:59:08Z</when>
        <when>2026-10-03T09:59:16Z</when>
        <when>2026-10-03T09:59:27Z</when>
        <when>2026-10-03T09:59:39Z</when>
        <when>2026-10-03T09:59:48Z</when>
        <when>2026-10-03T09:59:56Z</when>
        <when>2026-10-03T10:00:04Z</when>
        <when>2026-10-03T10:00:11Z</when>
        <when>2026-10-03T10:00:21Z</when>
        <when>2026-10-03T10:00:42Z</when>
        <when>2026-10-03T10:00:50Z</when>
        <when>2026-10-03T10:01:04Z</when>
        <when>2026-10-03T10:01:15Z</when>
        <when>2026-10-03T10:01:37Z</when>
        <when>2026-10-03T10:01:46Z</when>
        <when>2026-10-03T10:01:53Z</when>
        <when>2026-10-03T10:01:59Z</when>
        <when>2026-10-03T10:02:06Z</when>
        <when>2026-10-03T10:02:19Z</when>
        <when>2026-10-03T10:02:31Z</when>
        <when>2026-10-03T10:02:37Z</when>
        <when>2026-10-03T10:02:47Z</when>
        <when>2026-10-03T10:02:58Z</when>
        <when>2026-10-03T10:03:08Z</when>
        <when>2026-10-03T10:03:17Z</when>
        <when>2026-10-03T10:03:28Z</when>
        <when>2026-10-03T10:03:40Z</when>
        <when>2026-10-03T10:03:50Z</when>
        <when>2026-10-03T10:04:00Z</when>
        <when>2026-10-03T10:04:18Z</when>
        <when>2026-10-03T10:04:34Z</when>
        <when>2026-10-03T10:04:42Z</when>
        <when>2026-10-03T10:04:49Z</when>
        <when>2026-10-03T10:05:02Z</when>
        <when>2026-10-03T10:05:14Z</when>
        <when>2026-10-03T10:05:25Z</when>
        <when>2026-10-03T10:05:35Z</when>
        <when>2026-10-03T10:05:43Z</when>
        <when>2026-10-03T10:05:56Z</when>
        <when>2026-10-03T10:06:06Z</when>
        <when>2026-10-03T10:06:18Z</when>
        <when>2026-10-03T10:06:25Z</when>
        <when>2026-10-03T10:06:37Z</when>
        <when>2026-10-03T10:06:45Z</when>
        <when>2026-10-03T10:06:56Z</when>
        <when>2026-10-03T10:07:09Z</when>
        <when>2026-10-03T10:07:18Z</when>
        <when>2026-10-03T10:07:27Z</when>
        <when>2026-10-03T10:07:35Z</when>
        <when>2026-10-03T10:07:43Z</when>
        <when>2026-10-03T10:07:50Z</when>
        <when>2026-10-03T10:08:01Z</when>
        <when>2026-10-03T10:08:11Z</when>
        <when>2026-10-03T10:08:23Z</when>
        <when>2026-10-03T10:08:32Z</when>
        <when>2026-10-03T10:08:42Z</when>
        <when>2026-10-03T10:08:51Z</when>
        <when>2026-10-03T10:09:01Z</when>
        <when>2026-10-03T10:09:09Z</when>
        <when>2026-10-03T10:09:17Z</when>
        <when>2026-10-03T10:09:27Z</when>
        <when>2026-10-03T10:09:34Z</when>
        <when>2026-10-03T10:09:44Z</when>
        <when>2026-10-03T10:10:01Z</when>
        <when>2026-10-03T10:10:10Z</when>
        <when>2026-10-03T10:10:18Z</when>
        <when>2026-10-03T10:10:28Z</when>
        <when>2026-10-03T10:10:38Z</when>
        <when>2026-10-03T10:10:50Z</when>
        <when>2026-10-03T10:11:05Z</when>
        <when>2026-10-03T10:11:15Z</when>
        <when>2026-10-03T10:11:25Z</when>
        <when>2026-10-03T10:11:46Z</when>
        <when>2026-10-03T10:11:56Z</when>
        <when>2026-10-03T10:12:02Z</when>
        <when>2026-10-03T10:12:13Z</when>
        <when>2026-10-03T10:12:21Z</when>
        <when>2026-10-03T10:12:32Z</when>
        <when>2026-10-03T10:12:44Z</when>
        <when>2026-10-03T10:12:51Z</when>
        <when>2026-10-03T10:13:02Z</when>
        <when>2026-10-03T10:13:12Z</when>
        <when>2026-10-03T10:13:22Z</when>
        <when>2026-10-03T10:13:30Z</when>
        <when>2026-10-03T10:13:47Z</when>
        <when>2026-10-03T10:13:56Z</when>
        <when>2026-10-03T10:14:03Z</when>
        <when>2026-10-03T10:14:12Z</when>
        <when>2026-10-03T10:14:21Z</when>
        <when>2026-10-03T10:14:30Z</when>
        <when>2026-10-03T10:14:43Z</when>
        <when>2026-10-03T10:14:55Z</when>
        <when>2026-10-03T10:15:08Z</when>
        <when>2026-10-03T10:15:19Z</when>
        <when>2026-10-03T10:15:38Z</when>
        <when>2026-10-03T10:15:47Z</when>
        <when>2026-10-03T10:15:59Z</when>
        <when>2026-10-03T10:16:09Z</when>
        <when>2026-10-03T10:16:16Z</when>
        <when>2026-10-03T10:16:24Z</when>
        <when>2026-10-03T10:16:34Z</when>
        <when>2026-10-03T10:16:43Z</when>
        <when>2026-10-03T10:16:55Z</when>
        <when>2026-10-03T10:17:04Z</when>
        <when>2026-10-03T10:17:14Z</when>
        <when>2026-10-03T10:17:26Z</when>
        <when>2026-10-03T10:17:40Z</when>
        <when>2026-10-03T10:17:52Z</when>
        <when>2026-10-03T10:18:02Z</when>
        <when>2026-10-03T10:18:13Z</when>
        <when>2026-10-03T10:18:34Z</when>
        <when>2026-10-03T10:18:45Z</when>
        <when>2026-10-03T10:18:55Z</when>
        <when>2026-10-03T10:19:04Z</when>
        <when>2026-10-03T10:19:50Z</when>
        <when>2026-10-03T10:20:01Z</when>
        <when>2026-10-03T10:20:09Z</when>
        <when>2026-10-03T10:20:42Z</when>
        <when>2026-10-03T10:20:50Z</when>
        <when>2026-10-03T10:20:59Z</when>
        <when>2026-10-03T10:21:08Z</when>
        <when>2026-10-03T10:21:18Z</when>
        <when>2026-10-03T10:21:27Z</when>
        <when>2026-10-03T10:21:37Z</when>
        <when>2026-10-03T10:21:47Z</when>
        <when>2026-10-03T10:21:56Z</when>
        <when>2026-10-03T10:22:07Z</when>
        <when>2026-10-03T10:22:18Z</when>
        <when>2026-10-03T10:22:24Z</when>
        <when>2026-10-03T10:22:42Z</when>
        <when>2026-10-03T10:22:53Z</when>
        <when>2026-10-03T10:23:02Z</when>
        <when>2026-10-03T10:23:15Z</when>
        <when>2026-10-03T10:23:25Z</when>
        <when>2026-10-03T10:23:35Z</when>
        <when>2026-10-03T10:23:44Z</when>
        <when>2026-10-03T10:23:54Z</when>
        <when>2026-10-03T10:24:10Z</when>
        <when>2026-10-03T10:24:19Z</when>
        <when>2026-10-03T10:24:29Z</when>
        <when>2026-10-03T10:24:40Z</when>
        <when>2026-10-03T10:24:50Z</when>
        <when>2026-10-03T10:25:05Z</when>
        <when>2026-10-03T10:25:17Z</when>
        <when>2026-10-03T10:25:28Z</when>
        <when>2026-10-03T10:25:38Z</when>
        <when>2026-10-03T10:25:47Z</when>
        <when>2026-10-03T10:25:58Z</when>
        <when>2026-10-03T10:26:08Z</when>
        <when>2026-10-03T10:26:26Z</when>
        <when>2026-10-03T10:26:39Z</when>
        <when>2026-10-03T10:27:04Z</when>
        <when>2026-10-03T10:27:16Z</when>
        <when>2026-10-03T10:27:25Z</when>
        <when>2026-10-03T10:27:34Z</when>
        <when>2026-10-03T10:27:47Z</when>
        <when>2026-10-03T10:27:58Z</when>
        <when>2026-10-03T10:28:09Z</when>
        <when>2026-10-03T10:28:18Z</when>
        <when>2026-10-03T10:28:28Z</when>
        <when>2026-10-03T10:28:42Z</when>
        <when>2026-10-03T10:28:52Z</when>
        <when>2026-10-03T10:29:03Z</when>
        <when>2026-10-03T10:29:16Z</when>
        <when>2026-10-03T10:29:27Z</when>
        <when>2026-10-03T10:29:35Z</when>
        <when>2026-10-03T10:29:45Z</when>
        <when>2026-10-03T10:29:53Z</when>
        <when>2026-10-03T10:30:02Z</when>
        <when>2026-10-03T10:30:12Z</when>
        <when>2026-10-03T10:30:20Z</when>
        <when>2026-10-03T10:30:27Z</when>
        <when>2026-10-03T10:30:36Z</when>
        <when>2026-10-03T10:30:48Z</when>
        <when>2026-10-03T10:31:00Z</when>
        <when>2026-10-03T10:31:11Z</when>
        <when>2026-10-03T10:31:25Z</when>
        <when>2026-10-03T10:31:36Z</when>
        <when>2026-10-03T10:31:44Z</when>
        <when>2026-10-03T10:31:54Z</when>
        <when>2026-10-03T10:32:03Z</when>
        <when>2026-10-03T10:32:14Z</when>
        <when>2026-10-03T10:32:24Z</when>
        <when>2026-10-03T10:32:34Z</when>
        <when>2026-10-03T10:32:55Z</when>
        <when>2026-10-03T10:33:04Z</when>
        <when>2026-10-03T10:33:16Z</when>
        <when>2026-10-03T10:33:27Z</when>
        <when>2026-10-03T10:33:37Z</when>
        <when>2026-10-03T10:33:49Z</when>
        <when>2026-10-03T10:33:59Z</when>
        <when>2026-10-03T10:34:43Z</when>
        <when>2026-10-03T10:34:52Z</when>
        <when>2026-10-03T10:35:02Z</when>
        <when>2026-10-03T10:35:12Z</when>
        <when>2026-10-03T10:35:20Z</when>
        <when>2026-10-03T10:35:31Z</when>
        <when>2026-10-03T10:36:14Z</when>
        <when>2026-10-03T11:00:03Z</when>
        <when>2026-10-03T11:00:27Z</when>
        <when>2026-10-03T11:00:29Z</when>
        <when>2026-10-03T11:00:31Z</when>
        <when>2026-10-03T11:00:33Z</when>
        <when>2026-10-03T11:00:36Z</when>
        <when>2026-10-03T11:00:37Z</when>
        <when>2026-10-03T11:00:39Z</when>
        <when>2026-10-03T11:00:41Z</when>
        <when>2026-10-03T11:00:44Z</when>
        <when>2026-10-03T11:00:46Z</when>
        <when>2026-10-03T11:00:48Z</when>
        <when>2026-10-03T11:00:50Z</when>
        <when>2026-10-03T11:00:52Z</when>
        <when>2026-10-03T11:00:54Z</when>
        <when>2026-10-03T11:00:59Z</when>
        <when>2026-10-03T11:01:01Z</when>
        <when>2026-10-03T11:01:03Z</when>
        <when>2026-10-03T11:01:05Z</when>
        <when>2026-10-03T11:01:07Z</when>
        <when>2026-10-03T11:01:09Z</when>
        <when>2026-10-03T11:01:11Z</when>
        <when>2026-10-03T11:01:13Z</when>
        <when>2026-10-03T11:01:15Z</when>
        <when>2026-10-03T11:01:17Z</when>
        <when>2026-10-03T11:01:19Z</when>
        <when>2026-10-03T11:01:21Z</when>
        <when>2026-10-03T11:01:24Z</when>
        <when>2026-10-03T11:01:27Z</when>
        <when>2026-10-03T11:01:29Z</when>
        <when>2026-10-03T11:01:31Z</when>
        <when>2026-10-03T11:01:33Z</when>
        <when>2026-10-03T11:01:36Z</when>
        <when>2026-10-03T11:01:38Z</when>
        <when>2026-10-03T11:01:40Z</when>
        <when>2026-10-03T11:01:42Z</when>
        <when>2026-10-03T11:01:45Z</when>
        <when>2026-10-03T11:01:47Z</when>
        <when>2026-10-03T11:01:49Z</when>
        <when>2026-10-03T11:01:51Z</when>
        <when>2026-10-03T11:01:53Z</when>
        <when>2026-10-03T11:01:55Z</when>
        <when>2026-10-03T11:01:57Z</when>
        <when>2026-10-03T11:01:59Z</when>
        <when>2026-10-03T11:02:01Z</when>
        <when>2026-10-03T11:02:03Z</when>
        <when>2026-10-03T11:02:05Z</when>
        <when>2026-10-03T11:02:06Z</when>
        <when>2026-10-03T11:02:08Z</when>
        <when>2026-10-03T11:02:09Z</when>
        <when>2026-10-03T11:02:11Z</when>
        <when>2026-10-03T11:02:12Z</when>
        <when>2026-10-03T11:02:13Z</when>
        <when>2026-10-03T11:02:15Z</when>
        <when>2026-10-03T11:02:17Z</when>
        <when>2026-10-03T11:02:18Z</when>
        <when>2026-10-03T11:02:19Z</when>
        <when>2026-10-03T11:02:20Z</when>
        <when>2026-10-03T11:02:21Z</when>
        <when>2026-10-03T11:02:22Z</when>
        <when>2026-10-03T11:02:23Z</when>
        <when>2026-10-03T11:02:25Z</when>
        <when>2026-10-03T11:02:27Z</when>
        <when>2026-10-03T11:02:30Z</when>
        <when>2026-10-03T11:02:32Z</when>
        <when>2026-10-03T11:02:34Z</when>
        <when>2026-10-03T11:02:36Z</when>
        <when>2026-10-03T11:02:38Z</when>
        <when>2026-10-03T11:02:40Z</when>
        <when>2026-10-03T11:02:42Z</when>
        <when>2026-10-03T11:02:44Z</when>
        <when>2026-10-03T11:02:45Z</when>
        <when>2026-10-03T11:02:47Z</when>
        <when>2026-10-03T11:02:49Z</when>
        <when>2026-10-03T11:02:51Z</when>
        <when>2026-10-03T11:02:53Z</when>
        <when>2026-10-03T11:02:55Z</when>
        <when>2026-10-03T11:02:57Z</when>
        <when>2026-10-03T11:02:59Z</when>
        <when>2026-10-03T11:03:01Z</when>
        <when>2026-10-03T11:03:02Z</when>
        <when>2026-10-03T11:03:04Z</when>
        <when>2026-10-03T11:03:06Z</when>
        <when>2026-10-03T11:03:08Z</when>
        <when>2026-10-03T11:03:10Z</when>
        <when>2026-10-03T11:03:12Z</when>
        <when>2026-10-03T11:03:14Z</when>
        <when>2026-10-03T11:03:16Z</when>
        <when>2026-10-03T11:03:18Z</when>
        <when>2026-10-03T11:03:20Z</when>
        <when>2026-10-03T11:03:22Z</when>
        <when>2026-10-03T11:03:24Z</when>
        <when>2026-10-03T11:03:27Z</when>
        <when>2026-10-03T11:04:28Z</when>
        <when>2026-10-03T11:04:32Z</when>
        <when>2026-10-03T11:04:35Z</when>
        <when>2026-10-03T11:04:37Z</when>
        <when>2026-10-03T11:04:40Z</when>
        <when>2026-10-03T11:04:42Z</when>
        <when>2026-10-03T11:04:44Z</when>
        <when>2026-10-03T11:04:47Z</when>
        <when>2026-10-03T11:04:49Z</when>
        <when>2026-10-03T11:04:50Z</when>
        <when>2026-10-03T11:04:51Z</when>
        <when>2026-10-03T11:04:52Z</when>
        <when>2026-10-03T11:04:53Z</when>
        <when>2026-10-03T11:04:54Z</when>
        <when>2026-10-03T11:04:55Z</when>
        <when>2026-10-03T11:04:56Z</when>
        <when>2026-10-03T11:04:57Z</when>
        <when>2026-10-03T11:04:58Z</when>
        <when>2026-10-03T11:04:59Z</when>
        <when>2026-10-03T11:05:01Z</when>
        <when>2026-10-03T11:05:02Z</when>
        <when>2026-10-03T11:05:03Z</when>
        <when>2026-10-03T11:05:05Z</when>
        <when>2026-10-03T11:05:07Z</when>
        <when>2026-10-03T11:05:09Z</when>
        <when>2026-10-03T11:05:11Z</when>
        <when>2026-10-03T11:05:13Z</when>
        <when>2026-10-03T11:05:15Z</when>
        <when>2026-10-03T11:05:17Z</when>
        <when>2026-10-03T11:05:19Z</when>
        <when>2026-10-03T11:05:20Z</when>
        <when>2026-10-03T11:05:21Z</when>
        <when>2026-10-03T11:05:23Z</when>
        <when>2026-10-03T11:05:25Z</when>
        <when>2026-10-03T11:05:27Z</when>
        <when>2026-10-03T11:05:29Z</when>
        <when>2026-10-03T11:05:31Z</when>
        <when>2026-10-03T11:05:33Z</when>
        <when>2026-10-03T11:05:35Z</when>
        <when>2026-10-03T11:05:37Z</when>
        <when>2026-10-03T11:05:39Z</when>
        <when>2026-10-03T11:05:41Z</when>
        <when>2026-10-03T11:05:43Z</when>
        <when>2026-10-03T11:05:45Z</when>
        <when>2026-10-03T11:05:47Z</when>
        <when>2026-10-03T11:05:49Z</when>
        <when>2026-10-03T11:05:51Z</when>
        <when>2026-10-03T11:05:53Z</when>
        <when>2026-10-03T11:05:55Z</when>
        <when>2026-10-03T11:05:57Z</when>
        <when>2026-10-03T11:05:59Z</when>
        <when>2026-10-03T11:06:01Z</when>
        <when>2026-10-03T11:06:03Z</when>
        <when>2026-10-03T11:06:05Z</when>
        <when>2026-10-03T11:06:06Z</when>
        <when>2026-10-03T11:06:08Z</when>
        <when>2026-10-03T11:06:09Z</when>
        <when>2026-10-03T11:06:10Z</when>
        <when>2026-10-03T11:06:11Z</when>
        <when>2026-10-03T11:06:12Z</when>
        <when>2026-10-03T11:06:13Z</when>
        <when>2026-10-03T11:06:14Z</when>
        <when>2026-10-03T11:06:15Z</when>
        <when>2026-10-03T11:06:18Z</when>
        <when>2026-10-03T11:06:21Z</when>
        <when>2026-10-03T11:06:23Z</when>
        <when>2026-10-03T11:06:25Z</when>
        <when>2026-10-03T11:06:31Z</when>
        <when>2026-10-03T11:06:35Z</when>
        <when>2026-10-03T11:06:39Z</when>
        <when>2026-10-03T11:06:45Z</when>
        <when>2026-10-03T11:06:49Z</when>
        <when>2026-10-03T11:06:52Z</when>
        <when>2026-10-03T11:06:55Z</when>
        <when>2026-10-03T11:06:58Z</when>
        <when>2026-10-03T11:07:05Z</when>
        <when>2026-10-03T11:07:07Z</when>
        <when>2026-10-03T11:07:09Z</when>
        <when>2026-10-03T11:07:11Z</when>
        <when>2026-10-03T11:07:13Z</when>
        <when>2026-10-03T11:07:15Z</when>
        <when>2026-10-03T11:07:17Z</when>
        <when>2026-10-03T11:07:19Z</when>
        <when>2026-10-03T11:07:21Z</when>
        <when>2026-10-03T11:07:24Z</when>
        <when>2026-10-03T11:07:26Z</when>
        <when>2026-10-03T11:07:28Z</when>
        <when>2026-10-03T11:07:30Z</when>
        <when>2026-10-03T11:07:32Z</when>
        <when>2026-10-03T11:07:34Z</when>
        <when>2026-10-03T11:07:36Z</when>
        <when>2026-10-03T11:07:38Z</when>
        <when>2026-10-03T11:07:43Z</when>
        <when>2026-10-03T11:07:46Z</when>
        <when>2026-10-03T11:07:48Z</when>
        <when>2026-10-03T11:07:52Z</when>
        <when>2026-10-03T11:07:55Z</when>
        <when>2026-10-03T11:07:56Z</when>
        <when>2026-10-03T11:07:58Z</when>
        <when>2026-10-03T11:08:00Z</when>
        <when>2026-10-03T11:08:02Z</when>
        <when>2026-10-03T11:08:04Z</when>
        <when>2026-10-03T11:08:06Z</when>
        <when>2026-10-03T11:08:08Z</when>
        <when>2026-10-03T11:08:10Z</when>
        <when>2026-10-03T11:08:12Z</when>
        <when>2026-10-03T11:08:14Z</when>
        <when>2026-10-03T11:08:16Z</when>
        <when>2026-10-03T11:08:18Z</when>
        <when>2026-10-03T11:08:20Z</when>
        <when>2026-10-03T11:08:22Z</when>
        <when>2026-10-03T11:08:24Z</when>
        <when>2026-10-03T11:08:26Z</when>
        <when>2026-10-03T11:08:28Z</when>
        <when>2026-10-03T11:08:30Z</when>
        <when>2026-10-03T11:08:33Z</when>
        <when>2026-10-03T11:08:35Z</when>
        <when>2026-10-03T11:08:37Z</when>
        <when>2026-10-03T11:08:40Z</when>
        <when>2026-10-03T11:08:42Z</when>
        <when>2026-10-03T11:08:44Z</when>
        <when>2026-10-03T11:08:46Z</when>
        <when>2026-10-03T11:08:48Z</when>
        <when>2026-10-03T11:08:50Z</when>
        <when>2026-10-03T11:08:52Z</when>
        <when>2026-10-03T11:08:54Z</when>
        <when>2026-10-03T11:08:56Z</when>
        <when>2026-10-03T11:08:58Z</when>
        <when>2026-10-03T11:09:00Z</when>
        <when>2026-10-03T11:09:02Z</when>
        <when>2026-10-03T11:09:04Z</when>
        <when>2026-10-03T11:09:06Z</when>
        <when>2026-10-03T11:09:10Z</when>
        <when>2026-10-03T11:09:13Z</when>
        <when>2026-10-03T11:09:16Z</when>
        <when>2026-10-03T11:09:18Z</when>
        <when>2026-10-03T11:09:20Z</when>
        <when>2026-10-03T11:09:22Z</when>
        <when>2026-10-03T11:09:25Z</when>
        <when>2026-10-03T11:09:27Z</when>
        <when>2026-10-03T11:09:30Z</when>
        <when>2026-10-03T11:09:33Z</when>
        <when>2026-10-03T11:09:35Z</when>
        <when>2026-10-03T11:09:37Z</when>
        <when>2026-10-03T11:09:38Z</when>
        <when>2026-10-03T11:09:39Z</when>
        <when>2026-10-03T11:09:40Z</when>
        <when>2026-10-03T11:09:41Z</when>
        <when>2026-10-03T11:09:42Z</when>
        <when>2026-10-03T11:09:43Z</when>
        <when>2026-10-03T11:09:44Z</when>
        <when>2026-10-03T11:09:45Z</when>
        <when>2026-10-03T11:09:46Z</when>
        <when>2026-10-03T11:09:47Z</when>
        <when>2026-10-03T11:09:48Z</when>
        <when>2026-10-03T11:09:49Z</when>
        <when>2026-10-03T11:09:50Z</when>
        <when>2026-10-03T11:09:51Z</when>
        <when>2026-10-03T11:09:52Z</when>
        <when>2026-10-03T11:09:53Z</when>
        <when>2026-10-03T11:09:54Z</when>
        <when>2026-10-03T11:09:55Z</when>
        <when>2026-10-03T11:09:57Z</when>
        <when>2026-10-03T11:09:59Z</when>
        <when>2026-10-03T11:10:00Z</when>
        <when>2026-10-03T11:10:02Z</when>
        <when>2026-10-03T11:10:03Z</when>
        <when>2026-10-03T11:10:04Z</when>
        <when>2026-10-03T11:10:05Z</when>
        <when>2026-10-03T11:10:06Z</when>
        <when>2026-10-03T11:10:07Z</when>
        <when>2026-10-03T11:10:09Z</when>
        <when>2026-10-03T11:10:10Z</when>
        <when>2026-10-03T11:10:11Z</when>
        <when>2026-10-03T11:10:12Z</when>
        <when>2026-10-03T11:10:13Z</when>
        <when>2026-10-03T11:10:14Z</when>
        <when>2026-10-03T11:10:15Z</when>
        <when>2026-10-03T11:10:17Z</when>
        <when>2026-10-03T11:10:18Z</when>
        <when>2026-10-03T11:10:19Z</when>
        <when>2026-10-03T11:10:20Z</when>
        <when>2026-10-03T11:10:21Z</when>
        <when>2026-10-03T11:10:22Z</when>
        <when>2026-10-03T11:10:23Z</when>
        <when>2026-10-03T11:10:24Z</when>
        <when>2026-10-03T11:10:25Z</when>
        <when>2026-10-03T11:10:26Z</when>
        <when>2026-10-03T11:10:27Z</when>
        <when>2026-10-03T11:10:28Z</when>
        <when>2026-10-03T11:10:29Z</when>
        <when>2026-10-03T11:10:31Z</when>
        <when>2026-10-03T11:10:33Z</when>
        <when>2026-10-03T11:10:35Z</when>
        <when>2026-10-03T11:10:37Z</when>
        <when>2026-10-03T11:10:39Z</when>
        <when>2026-10-03T11:10:40Z</when>
        <when>2026-10-03T11:10:43Z</when>
        <when>2026-10-03T11:10:44Z</when>
        <when>2026-10-03T11:10:45Z</when>
        <when>2026-10-03T11:10:46Z</when>
        <when>2026-10-03T11:10:48Z</when>
        <when>2026-10-03T11:10:50Z</when>
        <when>2026-10-03T11:10:52Z</when>
        <when>2026-10-03T11:10:54Z</when>
        <when>2026-10-03T11:10:56Z</when>
        <when>2026-10-03T11:10:58Z</when>
        <when>2026-10-03T11:11:00Z</when>
        <when>2026-10-03T11:11:02Z</when>
        <when>2026-10-03T11:11:04Z</when>
        <when>2026-10-03T11:11:06Z</when>
        <when>2026-10-03T11:11:08Z</when>
        <when>2026-10-03T11:11:10Z</when>
        <when>2026-10-03T11:11:12Z</when>
        <when>2026-10-03T11:11:14Z</when>
        <when>2026-10-03T11:11:16Z</when>
        <when>2026-10-03T11:11:18Z</when>
        <when>2026-10-03T11:11:19Z</when>
        <when>2026-10-03T11:11:20Z</when>
        <when>2026-10-03T11:11:22Z</when>
        <when>2026-10-03T11:11:24Z</when>
        <when>2026-10-03T11:11:26Z</when>
        <when>2026-10-03T11:11:27Z</when>
        <when>2026-10-03T11:11:28Z</when>
        <when>2026-10-03T11:11:29Z</when>
        <when>2026-10-03T11:11:30Z</when>
        <when>2026-10-03T11:11:31Z</when>
        <when>2026-10-03T11:11:32Z</when>
        <when>2026-10-03T11:11:33Z</when>
        <when>2026-10-03T11:11:34Z</when>
        <when>2026-10-03T11:11:36Z</when>
        <when>2026-10-03T11:11:38Z</when>
        <when>2026-10-03T11:11:40Z</when>
        <when>2026-10-03T11:11:42Z</when>
        <when>2026-10-03T11:11:44Z</when>
        <when>2026-10-03T11:11:47Z</when>
        <when>2026-10-03T11:11:50Z</when>
        <when>2026-10-03T11:11:53Z</when>
        <when>2026-10-03T11:11:55Z</when>
        <when>2026-10-03T11:11:57Z</when>
        <when>2026-10-03T11:11:59Z</when>
        <when>2026-10-03T11:12:01Z</when>
        <when>2026-10-03T11:12:03Z</when>
        <when>2026-10-03T11:12:05Z</when>
        <when>2026-10-03T11:12:08Z</when>
        <when>2026-10-03T11:12:10Z</when>
        <when>2026-10-03T11:12:11Z</when>
        <when>2026-10-03T11:12:13Z</when>
        <when>2026-10-03T11:12:15Z</when>
        <when>2026-10-03T11:12:17Z</when>
        <when>2026-10-03T11:12:19Z</when>
        <when>2026-10-03T11:12:21Z</when>
        <when>2026-10-03T11:12:23Z</when>
        <when>2026-10-03T11:12:26Z</when>
        <when>2026-10-03T11:12:32Z</when>
        <when>2026-10-03T11:12:34Z</when>
        <when>2026-10-03T11:12:36Z</when>
        <when>2026-10-03T11:12:38Z</when>
        <when>2026-10-03T11:12:40Z</when>
        <when>2026-10-03T11:12:43Z</when>
        <when>2026-10-03T11:12:44Z</when>
        <when>2026-10-03T11:12:45Z</when>
        <when>2026-10-03T11:12:47Z</when>
        <when>2026-10-03T11:12:48Z</when>
        <when>2026-10-03T11:12:49Z</when>
        <when>2026-10-03T11:12:50Z</when>
        <when>2026-10-03T11:12:52Z</when>
        <when>2026-10-03T11:12:54Z</when>
        <when>2026-10-03T11:12:56Z</when>
        <when>2026-10-03T11:12:58Z</when>
        <when>2026-10-03T11:13:00Z</when>
        <when>2026-10-03T11:13:02Z</when>
        <when>2026-10-03T11:13:04Z</when>
        <when>2026-10-03T11:13:07Z</when>
        <when>2026-10-03T11:13:09Z</when>
        <when>2026-10-03T11:13:11Z</when>
        <when>2026-10-03T11:13:16Z</when>
        <when>2026-10-03T11:13:18Z</when>
        <when>2026-10-03T11:13:20Z</when>
        <when>2026-10-03T11:13:25Z</when>
        <when>2026-10-03T11:13:27Z</when>
        <when>2026-10-03T11:13:29Z</when>
        <when>2026-10-03T11:13:31Z</when>
        <when>2026-10-03T11:13:33Z</when>
        <when>2026-10-03T11:13:35Z</when>
        <when>2026-10-03T11:13:37Z</when>
        <when>2026-10-03T11:13:40Z</when>
        <when>2026-10-03T11:13:43Z</when>
        <when>2026-10-03T11:13:45Z</when>
        <when>2026-10-03T11:13:47Z</when>
        <when>2026-10-03T11:13:49Z</when>
        <when>2026-10-03T11:13:52Z</when>
        <when>2026-10-03T11:13:54Z</when>
        <when>2026-10-03T11:13:59Z</when>
        <when>2026-10-03T11:14:44Z</when>
        <when>2026-10-03T11:14:47Z</when>
        <when>2026-10-03T11:14:50Z</when>
        <when>2026-10-03T11:14:53Z</when>
        <when>2026-10-03T11:14:55Z</when>
        <when>2026-10-03T11:14:58Z</when>
        <when>2026-10-03T11:15:00Z</when>
        <when>2026-10-03T11:15:02Z</when>
        <when>2026-10-03T11:15:04Z</when>
        <when>2026-10-03T11:15:06Z</when>
        <when>2026-10-03T11:15:08Z</when>
        <when>2026-10-03T11:15:10Z</when>
        <when>2026-10-03T11:15:12Z</when>
        <when>2026-10-03T11:15:13Z</when>
        <when>2026-10-03T11:15:15Z</when>
        <when>2026-10-03T11:15:16Z</when>
        <when>2026-10-03T11:15:18Z</when>
        <when>2026-10-03T11:15:20Z</when>
        <when>2026-10-03T11:15:21Z</when>
        <when>2026-10-03T11:15:23Z</when>
        <when>2026-10-03T11:15:25Z</when>
        <when>2026-10-03T11:15:27Z</when>
        <when>2026-10-03T11:15:29Z</when>
        <when>2026-10-03T11:15:31Z</when>
        <when>2026-10-03T11:15:32Z</when>
        <when>2026-10-03T11:15:34Z</when>
        <when>2026-10-03T11:15:36Z</when>
        <when>2026-10-03T11:15:38Z</when>
        <when>2026-10-03T11:15:47Z</when>
        <when>2026-10-03T11:15:50Z</when>
        <when>2026-10-03T11:15:52Z</when>
        <when>2026-10-03T11:15:54Z</when>
        <when>2026-10-03T11:15:56Z</when>
        <when>2026-10-03T11:15:58Z</when>
        <when>2026-10-03T11:16:00Z</when>
        <when>2026-10-03T11:16:02Z</when>
        <when>2026-10-03T11:16:04Z</when>
        <when>2026-10-03T11:16:06Z</when>
        <when>2026-10-03T11:16:08Z</when>
        <when>2026-10-03T11:16:10Z</when>
        <when>2026-10-03T11:16:12Z</when>
        <when>2026-10-03T11:16:14Z</when>
        <when>2026-10-03T11:16:16Z</when>
        <when>2026-10-03T11:16:18Z</when>
        <when>2026-10-03T11:16:20Z</when>
        <when>2026-10-03T11:16:22Z</when>
        <when>2026-10-03T11:16:24Z</when>
        <when>2026-10-03T11:16:26Z</when>
        <when>2026-10-03T11:16:28Z</when>
        <when>2026-10-03T11:16:30Z</when>
        <when>2026-10-03T11:16:32Z</when>
        <when>2026-10-03T11:16:34Z</when>
        <when>2026-10-03T11:16:36Z</when>
        <when>2026-10-03T11:16:38Z</when>
        <when>2026-10-03T11:16:40Z</when>
        <when>2026-10-03T11:16:42Z</when>
        <when>2026-10-03T11:16:44Z</when>
        <when>2026-10-03T11:16:46Z</when>
        <when>2026-10-03T11:16:48Z</when>
        <when>2026-10-03T11:16:49Z</when>
        <when>2026-10-03T11:16:50Z</when>
        <when>2026-10-03T11:16:51Z</when>
        <when>2026-10-03T11:16:52Z</when>
        <when>2026-10-03T11:16:53Z</when>
        <when>2026-10-03T11:16:54Z</when>
        <when>2026-10-03T11:16:56Z</when>
        <when>2026-10-03T11:16:58Z</when>
        <when>2026-10-03T11:17:00Z</when>
        <when>2026-10-03T11:17:02Z</when>
        <when>2026-10-03T11:17:04Z</when>
        <when>2026-10-03T11:17:05Z</when>
        <when>2026-10-03T11:17:06Z</when>
        <when>2026-10-03T11:17:07Z</when>
        <when>2026-10-03T11:17:08Z</when>
        <when>2026-10-03T11:17:09Z</when>
        <when>2026-10-03T11:17:10Z</when>
        <when>2026-10-03T11:17:12Z</when>
        <when>2026-10-03T11:17:13Z</when>
        <when>2026-10-03T11:17:14Z</when>
        <when>2026-10-03T11:17:16Z</when>
        <when>2026-10-03T11:17:18Z</when>
        <when>2026-10-03T11:17:21Z</when>
        <gx:coord>85.313925 27.814459 1864</gx:coord>
        <gx:coord>85.313867 27.814542 1869</gx:coord>
        <gx:coord>85.313805 27.814619 1868</gx:coord>
        <gx:coord>85.313721 27.814682 1877</gx:coord>
        <gx:coord>85.313712 27.814771 1866</gx:coord>
        <gx:coord>85.313835 27.814773 1841</gx:coord>
        <gx:coord>85.313986 27.814738 1824</gx:coord>
        <gx:coord>85.314209 27.814717 1803</gx:coord>
        <gx:coord>85.31452 27.814641 1798</gx:coord>
        <gx:coord>85.314177 27.814889 1815</gx:coord>
        <gx:coord>85.313669 27.815024 1855</gx:coord>
        <gx:coord>85.313358 27.815029 1865</gx:coord>
        <gx:coord>85.313087 27.815049 1875</gx:coord>
        <gx:coord>85.312938 27.815079 1879</gx:coord>
        <gx:coord>85.312832 27.815107 1883</gx:coord>
        <gx:coord>85.312738 27.815148 1886</gx:coord>
        <gx:coord>85.312654 27.815206 1887</gx:coord>
        <gx:coord>85.312615 27.81529 1894</gx:coord>
        <gx:coord>85.312575 27.815372 1897</gx:coord>
        <gx:coord>85.312538 27.815464 1901</gx:coord>
        <gx:coord>85.312454 27.815519 1897</gx:coord>
        <gx:coord>85.312381 27.81559 1897</gx:coord>
        <gx:coord>85.312298 27.815647 1899</gx:coord>
        <gx:coord>85.312203 27.815679 1894</gx:coord>
        <gx:coord>85.312101 27.815704 1898</gx:coord>
        <gx:coord>85.312014 27.81565 1898</gx:coord>
        <gx:coord>85.31194 27.815585 1900</gx:coord>
        <gx:coord>85.311871 27.815505 1901</gx:coord>
        <gx:coord>85.311835 27.815416 1904</gx:coord>
        <gx:coord>85.311739 27.815338 1901</gx:coord>
        <gx:coord>85.311668 27.815273 1900</gx:coord>
        <gx:coord>85.311599 27.815205 1902</gx:coord>
        <gx:coord>85.311559 27.815111 1905</gx:coord>
        <gx:coord>85.311478 27.815041 1904</gx:coord>
        <gx:coord>85.311386 27.814991 1904</gx:coord>
        <gx:coord>85.311295 27.814941 1903</gx:coord>
        <gx:coord>85.3112 27.81489 1902</gx:coord>
        <gx:coord>85.311094 27.814906 1904</gx:coord>
        <gx:coord>85.311005 27.814957 1905</gx:coord>
        <gx:coord>85.310916 27.815015 1900</gx:coord>
        <gx:coord>85.310828 27.81506 1898</gx:coord>
        <gx:coord>85.310745 27.815124 1896</gx:coord>
        <gx:coord>85.31066 27.815179 1896</gx:coord>
        <gx:coord>85.310558 27.815158 1894</gx:coord>
        <gx:coord>85.310458 27.815141 1892</gx:coord>
        <gx:coord>85.310346 27.81514 1891</gx:coord>
        <gx:coord>85.310241 27.815136 1891</gx:coord>
        <gx:coord>85.310158 27.815191 1892</gx:coord>
        <gx:coord>85.310097 27.81527 1892</gx:coord>
        <gx:coord>85.310031 27.815345 1890</gx:coord>
        <gx:coord>85.309939 27.815397 1886</gx:coord>
        <gx:coord>85.309836 27.815422 1887</gx:coord>
        <gx:coord>85.309741 27.815387 1888</gx:coord>
        <gx:coord>85.309629 27.815384 1887</gx:coord>
        <gx:coord>85.30952 27.815387 1889</gx:coord>
        <gx:coord>85.309418 27.815408 1888</gx:coord>
        <gx:coord>85.309321 27.815442 1889</gx:coord>
        <gx:coord>85.309221 27.815472 1888</gx:coord>
        <gx:coord>85.309124 27.815515 1890</gx:coord>
        <gx:coord>85.309028 27.815549 1890</gx:coord>
        <gx:coord>85.308938 27.815601 1890</gx:coord>
        <gx:coord>85.308851 27.815652 1890</gx:coord>
        <gx:coord>85.30877 27.815718 1891</gx:coord>
        <gx:coord>85.308737 27.815807 1893</gx:coord>
        <gx:coord>85.308787 27.815891 1892</gx:coord>
        <gx:coord>85.308802 27.815988 1889</gx:coord>
        <gx:coord>85.308723 27.816056 1885</gx:coord>
        <gx:coord>85.308697 27.81615 1889</gx:coord>
        <gx:coord>85.308728 27.816243 1892</gx:coord>
        <gx:coord>85.308827 27.816274 1895</gx:coord>
        <gx:coord>85.308926 27.816297 1898</gx:coord>
        <gx:coord>85.309014 27.816348 1898</gx:coord>
        <gx:coord>85.309084 27.816415 1895</gx:coord>
        <gx:coord>85.30913 27.8165 1898</gx:coord>
        <gx:coord>85.309179 27.816586 1900</gx:coord>
        <gx:coord>85.30923 27.816667 1903</gx:coord>
        <gx:coord>85.309274 27.81675 1903</gx:coord>
        <gx:coord>85.309256 27.816844 1904</gx:coord>
        <gx:coord>85.309229 27.816931 1904</gx:coord>
        <gx:coord>85.309173 27.817018 1903</gx:coord>
        <gx:coord>85.309105 27.817097 1903</gx:coord>
        <gx:coord>85.309043 27.81717 1905</gx:coord>
        <gx:coord>85.308941 27.81721 1906</gx:coord>
        <gx:coord>85.308838 27.817252 1905</gx:coord>
        <gx:coord>85.308743 27.817301 1905</gx:coord>
        <gx:coord>85.308658 27.817355 1907</gx:coord>
        <gx:coord>85.308575 27.81742 1908</gx:coord>
        <gx:coord>85.308492 27.817481 1910</gx:coord>
        <gx:coord>85.30839 27.817521 1910</gx:coord>
        <gx:coord>85.308331 27.817595 1910</gx:coord>
        <gx:coord>85.308257 27.817658 1910</gx:coord>
        <gx:coord>85.308209 27.817744 1911</gx:coord>
        <gx:coord>85.308178 27.817836 1913</gx:coord>
        <gx:coord>85.308173 27.817929 1918</gx:coord>
        <gx:coord>85.308183 27.818025 1921</gx:coord>
        <gx:coord>85.308145 27.818114 1919</gx:coord>
        <gx:coord>85.308124 27.818209 1920</gx:coord>
        <gx:coord>85.308126 27.818306 1923</gx:coord>
        <gx:coord>85.30812 27.818403 1925</gx:coord>
        <gx:coord>85.308117 27.818499 1925</gx:coord>
        <gx:coord>85.308118 27.818592 1927</gx:coord>
        <gx:coord>85.308154 27.818682 1928</gx:coord>
        <gx:coord>85.308139 27.818771 1928</gx:coord>
        <gx:coord>85.308125 27.81886 1927</gx:coord>
        <gx:coord>85.308108 27.818955 1927</gx:coord>
        <gx:coord>85.308074 27.819049 1928</gx:coord>
        <gx:coord>85.308029 27.819133 1928</gx:coord>
        <gx:coord>85.30799 27.81922 1929</gx:coord>
        <gx:coord>85.307945 27.819309 1929</gx:coord>
        <gx:coord>85.307907 27.8194 1928</gx:coord>
        <gx:coord>85.307925 27.8195 1927</gx:coord>
        <gx:coord>85.307969 27.819591 1929</gx:coord>
        <gx:coord>85.308016 27.819675 1930</gx:coord>
        <gx:coord>85.308042 27.819764 1930</gx:coord>
        <gx:coord>85.308121 27.819834 1930</gx:coord>
        <gx:coord>85.308192 27.819899 1931</gx:coord>
        <gx:coord>85.308246 27.819978 1933</gx:coord>
        <gx:coord>85.308264 27.820068 1931</gx:coord>
        <gx:coord>85.308289 27.820158 1931</gx:coord>
        <gx:coord>85.308322 27.820243 1932</gx:coord>
        <gx:coord>85.30836 27.820332 1932</gx:coord>
        <gx:coord>85.308379 27.820424 1933</gx:coord>
        <gx:coord>85.308396 27.820521 1932</gx:coord>
        <gx:coord>85.308434 27.820609 1932</gx:coord>
        <gx:coord>85.308488 27.820689 1932</gx:coord>
        <gx:coord>85.308562 27.820759 1933</gx:coord>
        <gx:coord>85.308563 27.820855 1935</gx:coord>
        <gx:coord>85.308578 27.820948 1937</gx:coord>
        <gx:coord>85.308587 27.821042 1939</gx:coord>
        <gx:coord>85.308613 27.821129 1939</gx:coord>
        <gx:coord>85.308659 27.821219 1936</gx:coord>
        <gx:coord>85.30874 27.821279 1937</gx:coord>
        <gx:coord>85.308771 27.821369 1935</gx:coord>
        <gx:coord>85.308751 27.821463 1935</gx:coord>
        <gx:coord>85.308747 27.821556 1936</gx:coord>
        <gx:coord>85.308762 27.821646 1935</gx:coord>
        <gx:coord>85.308751 27.821743 1933</gx:coord>
        <gx:coord>85.308773 27.821839 1937</gx:coord>
        <gx:coord>85.308835 27.82192 1938</gx:coord>
        <gx:coord>85.30892 27.821972 1935</gx:coord>
        <gx:coord>85.309024 27.821988 1936</gx:coord>
        <gx:coord>85.309118 27.822037 1939</gx:coord>
        <gx:coord>85.309222 27.822046 1941</gx:coord>
        <gx:coord>85.309337 27.822052 1938</gx:coord>
        <gx:coord>85.309439 27.822071 1937</gx:coord>
        <gx:coord>85.309528 27.822125 1935</gx:coord>
        <gx:coord>85.309592 27.822198 1933</gx:coord>
        <gx:coord>85.309607 27.82229 1936</gx:coord>
        <gx:coord>85.309578 27.822389 1936</gx:coord>
        <gx:coord>85.309572 27.822481 1934</gx:coord>
        <gx:coord>85.309557 27.822579 1935</gx:coord>
        <gx:coord>85.309542 27.82267 1935</gx:coord>
        <gx:coord>85.309552 27.822762 1935</gx:coord>
        <gx:coord>85.309606 27.822849 1936</gx:coord>
        <gx:coord>85.309651 27.822935 1937</gx:coord>
        <gx:coord>85.309655 27.822842 1938</gx:coord>
        <gx:coord>85.309549 27.822857 1939</gx:coord>
        <gx:coord>85.309503 27.822937 1936</gx:coord>
        <gx:coord>85.309527 27.823027 1936</gx:coord>
        <gx:coord>85.309497 27.823118 1937</gx:coord>
        <gx:coord>85.309421 27.823194 1937</gx:coord>
        <gx:coord>85.309325 27.823229 1935</gx:coord>
        <gx:coord>85.309225 27.823211 1934</gx:coord>
        <gx:coord>85.309114 27.823186 1934</gx:coord>
        <gx:coord>85.309015 27.823138 1933</gx:coord>
        <gx:coord>85.308926 27.823079 1932</gx:coord>
        <gx:coord>85.30881 27.823061 1932</gx:coord>
        <gx:coord>85.308702 27.823034 1933</gx:coord>
        <gx:coord>85.308606 27.822997 1932</gx:coord>
        <gx:coord>85.308511 27.822948 1931</gx:coord>
        <gx:coord>85.308412 27.822895 1931</gx:coord>
        <gx:coord>85.308306 27.822887 1933</gx:coord>
        <gx:coord>85.308207 27.82292 1926</gx:coord>
        <gx:coord>85.308104 27.822944 1927</gx:coord>
        <gx:coord>85.308019 27.822995 1932</gx:coord>
        <gx:coord>85.307914 27.822983 1931</gx:coord>
        <gx:coord>85.30781 27.822984 1934</gx:coord>
        <gx:coord>85.307703 27.822997 1932</gx:coord>
        <gx:coord>85.307599 27.823017 1931</gx:coord>
        <gx:coord>85.307493 27.823044 1931</gx:coord>
        <gx:coord>85.307402 27.823099 1930</gx:coord>
        <gx:coord>85.307303 27.82314 1932</gx:coord>
        <gx:coord>85.307204 27.823184 1933</gx:coord>
        <gx:coord>85.307104 27.823149 1933</gx:coord>
        <gx:coord>85.307015 27.823088 1930</gx:coord>
        <gx:coord>85.306915 27.823061 1928</gx:coord>
        <gx:coord>85.306821 27.823017 1934</gx:coord>
        <gx:coord>85.30673 27.822956 1937</gx:coord>
        <gx:coord>85.30671 27.822866 1936</gx:coord>
        <gx:coord>85.306693 27.822776 1935</gx:coord>
        <gx:coord>85.306676 27.82268 1934</gx:coord>
        <gx:coord>85.306673 27.822585 1934</gx:coord>
        <gx:coord>85.306674 27.822485 1928</gx:coord>
        <gx:coord>85.306635 27.822397 1927</gx:coord>
        <gx:coord>85.30665 27.822301 1926</gx:coord>
        <gx:coord>85.3066 27.822221 1929</gx:coord>
        <gx:coord>85.306577 27.82213 1929</gx:coord>
        <gx:coord>85.306559 27.82204 1931</gx:coord>
        <gx:coord>85.306509 27.821953 1929</gx:coord>
        <gx:coord>85.306452 27.821878 1932</gx:coord>
        <gx:coord>85.306342 27.821866 1930</gx:coord>
        <gx:coord>85.306241 27.82185 1924</gx:coord>
        <gx:coord>85.306156 27.821791 1927</gx:coord>
        <gx:coord>85.306133 27.821695 1920</gx:coord>
        <gx:coord>85.306136 27.821604 1922</gx:coord>
        <gx:coord>85.306103 27.821519 1926</gx:coord>
        <gx:coord>85.306031 27.821441 1928</gx:coord>
        <gx:coord>85.30593 27.821434 1932</gx:coord>
        <gx:coord>85.305857 27.821365 1936</gx:coord>
        <gx:coord>85.305843 27.821268 1928</gx:coord>
        <gx:coord>85.305774 27.821194 1931</gx:coord>
        <gx:coord>85.305669 27.821216 1931</gx:coord>
        <gx:coord>85.305598 27.821282 1932</gx:coord>
        <gx:coord>85.305517 27.821343 1928</gx:coord>
        <gx:coord>85.305409 27.821373 1927</gx:coord>
        <gx:coord>85.305307 27.821415 1924</gx:coord>
        <gx:coord>85.305208 27.821391 1921</gx:coord>
        <gx:coord>85.30512 27.821343 1920</gx:coord>
        <gx:coord>85.305017 27.821353 1923</gx:coord>
        <gx:coord>85.304912 27.82133 1925</gx:coord>
        <gx:coord>85.304811 27.821322 1925</gx:coord>
        <gx:coord>85.304707 27.821297 1920</gx:coord>
        <gx:coord>85.304594 27.821271 1918</gx:coord>
        <gx:coord>85.304488 27.821279 1916</gx:coord>
        <gx:coord>85.304399 27.821227 1916</gx:coord>
        <gx:coord>85.304292 27.821216 1918</gx:coord>
        <gx:coord>85.304195 27.821181 1920</gx:coord>
        <gx:coord>85.304101 27.821135 1913</gx:coord>
        <gx:coord>85.303993 27.821133 1919</gx:coord>
        <gx:coord>85.303883 27.82111 1914</gx:coord>
        <gx:coord>85.303779 27.821095 1914</gx:coord>
        <gx:coord>85.30372 27.821179 1911</gx:coord>
        <gx:coord>85.303628 27.821226 1906</gx:coord>
        <gx:coord>85.303526 27.821229 1907</gx:coord>
        <gx:coord>85.303445 27.821168 1909</gx:coord>
        <gx:coord>85.303376 27.821098 1908</gx:coord>
        <gx:coord>85.30329 27.821033 1913</gx:coord>
        <gx:coord>85.30321 27.820974 1913</gx:coord>
        <gx:coord>85.303117 27.820932 1911</gx:coord>
        <gx:coord>85.303049 27.820857 1907</gx:coord>
        <gx:coord>85.302956 27.820806 1904</gx:coord>
        <gx:coord>85.302853 27.820793 1902</gx:coord>
        <gx:coord>85.302762 27.820892 1896</gx:coord>
        <gx:coord>85.30271 27.82097 1903</gx:coord>
        <gx:coord>85.302631 27.82103 1905</gx:coord>
        <gx:coord>85.302581 27.821111 1903</gx:coord>
        <gx:coord>85.302564 27.821202 1907</gx:coord>
        <gx:coord>85.302539 27.821293 1905</gx:coord>
        <gx:coord>85.302504 27.82138 1908</gx:coord>
        <gx:coord>85.302453 27.821464 1904</gx:coord>
        <gx:coord>85.302382 27.821533 1903</gx:coord>
        <gx:coord>85.302298 27.821585 1904</gx:coord>
        <gx:coord>85.302193 27.821588 1905</gx:coord>
        <gx:coord>85.302122 27.821519 1906</gx:coord>
        <gx:coord>85.302042 27.821452 1909</gx:coord>
        <gx:coord>85.301949 27.821408 1908</gx:coord>
        <gx:coord>85.301861 27.821356 1911</gx:coord>
        <gx:coord>85.30175 27.821347 1918</gx:coord>
        <gx:coord>85.301654 27.821387 1919</gx:coord>
        <gx:coord>85.301587 27.821469 1915</gx:coord>
        <gx:coord>85.301509 27.821542 1919</gx:coord>
        <gx:coord>85.301406 27.821537 1921</gx:coord>
        <gx:coord>85.301299 27.82151 1921</gx:coord>
        <gx:coord>85.301203 27.821553 1921</gx:coord>
        <gx:coord>85.301112 27.821613 1920</gx:coord>
        <gx:coord>85.301054 27.821697 1919</gx:coord>
        <gx:coord>85.301 27.821786 1918</gx:coord>
        <gx:coord>85.300899 27.821795 1921</gx:coord>
        <gx:coord>85.300814 27.821737 1919</gx:coord>
        <gx:coord>85.300744 27.821671 1918</gx:coord>
        <gx:coord>85.300684 27.821597 1919</gx:coord>
        <gx:coord>85.300598 27.821547 1923</gx:coord>
        <gx:coord>85.300484 27.821547 1925</gx:coord>
        <gx:coord>85.300394 27.821594 1924</gx:coord>
        <gx:coord>85.300322 27.821667 1922</gx:coord>
        <gx:coord>85.300248 27.821732 1920</gx:coord>
        <gx:coord>85.300141 27.821744 1922</gx:coord>
        <gx:coord>85.300054 27.821688 1928</gx:coord>
        <gx:coord>85.299959 27.821639 1929</gx:coord>
        <gx:coord>85.299858 27.821656 1926</gx:coord>
        <gx:coord>85.299783 27.821732 1923</gx:coord>
        <gx:coord>85.299712 27.821799 1921</gx:coord>
        <gx:coord>85.299671 27.821882 1918</gx:coord>
        <gx:coord>85.299622 27.82197 1917</gx:coord>
        <gx:coord>85.299584 27.822057 1917</gx:coord>
        <gx:coord>85.299565 27.822146 1918</gx:coord>
        <gx:coord>85.299483 27.8222 1914</gx:coord>
        <gx:coord>85.299378 27.822199 1910</gx:coord>
        <gx:coord>85.299288 27.822148 1906</gx:coord>
        <gx:coord>85.29918 27.822167 1904</gx:coord>
        <gx:coord>85.299088 27.822206 1903</gx:coord>
        <gx:coord>85.298982 27.822246 1902</gx:coord>
        <gx:coord>85.298876 27.822239 1902</gx:coord>
        <gx:coord>85.298842 27.822147 1910</gx:coord>
        <gx:coord>85.298826 27.822058 1906</gx:coord>
        <gx:coord>85.298835 27.821963 1900</gx:coord>
        <gx:coord>85.298731 27.821965 1907</gx:coord>
        <gx:coord>85.298633 27.821992 1898</gx:coord>
        <gx:coord>85.298525 27.82202 1897</gx:coord>
        <gx:coord>85.298422 27.822055 1898</gx:coord>
        <gx:coord>85.298328 27.822108 1894</gx:coord>
        <gx:coord>85.298225 27.822101 1889</gx:coord>
        <gx:coord>85.298124 27.822138 1901</gx:coord>
        <gx:coord>85.297973 27.822156 1902</gx:coord>
        <gx:coord>85.298082 27.822129 1901</gx:coord>
        <gx:coord>85.298175 27.822079 1892</gx:coord>
        <gx:coord>85.298286 27.822085 1895</gx:coord>
        <gx:coord>85.298394 27.82206 1893</gx:coord>
        <gx:coord>85.298472 27.821997 1892</gx:coord>
        <gx:coord>85.298572 27.821973 1897</gx:coord>
        <gx:coord>85.298677 27.821957 1895</gx:coord>
        <gx:coord>85.298754 27.821889 1897</gx:coord>
        <gx:coord>85.298778 27.821977 1891</gx:coord>
        <gx:coord>85.298743 27.82207 1892</gx:coord>
        <gx:coord>85.29872 27.822165 1892</gx:coord>
        <gx:coord>85.298647 27.822237 1886</gx:coord>
        <gx:coord>85.298556 27.822285 1891</gx:coord>
        <gx:coord>85.298512 27.822371 1889</gx:coord>
        <gx:coord>85.298486 27.822469 1899</gx:coord>
        <gx:coord>85.298491 27.822563 1891</gx:coord>
        <gx:coord>85.298403 27.822506 1898</gx:coord>
        <gx:coord>85.298355 27.822419 1883</gx:coord>
        <gx:coord>85.298249 27.8224 1889</gx:coord>
        <gx:coord>85.298163 27.822451 1883</gx:coord>
        <gx:coord>85.298069 27.822497 1881</gx:coord>
        <gx:coord>85.297983 27.822558 1876</gx:coord>
        <gx:coord>85.297898 27.822624 1874</gx:coord>
        <gx:coord>85.297796 27.822633 1869</gx:coord>
        <gx:coord>85.297709 27.822683 1867</gx:coord>
        <gx:coord>85.297597 27.822698 1870</gx:coord>
        <gx:coord>85.297502 27.822666 1868</gx:coord>
        <gx:coord>85.297437 27.822593 1874</gx:coord>
        <gx:coord>85.297425 27.822686 1865</gx:coord>
        <gx:coord>85.297427 27.82278 1866</gx:coord>
        <gx:coord>85.297366 27.822862 1857</gx:coord>
        <gx:coord>85.297413 27.822949 1864</gx:coord>
        <gx:coord>85.297515 27.822966 1853</gx:coord>
        <gx:coord>85.297619 27.822994 1854</gx:coord>
        <gx:coord>85.297516 27.822997 1847</gx:coord>
        <gx:coord>85.297418 27.823037 1847</gx:coord>
        <gx:coord>85.297321 27.823066 1842</gx:coord>
        <gx:coord>85.297214 27.823064 1841</gx:coord>
        <gx:coord>85.297114 27.823038 1837</gx:coord>
        <gx:coord>85.297183 27.822955 1845</gx:coord>
        <gx:coord>85.297235 27.823033 1843</gx:coord>
        <gx:coord>85.297317 27.823086 1842</gx:coord>
        <gx:coord>85.297404 27.823032 1839</gx:coord>
        <gx:coord>85.297508 27.823018 1842</gx:coord>
        <gx:coord>85.297613 27.822997 1845</gx:coord>
        <gx:coord>85.297549 27.822924 1870</gx:coord>
        <gx:coord>85.297445 27.822939 1857</gx:coord>
        <gx:coord>85.297417 27.822847 1855</gx:coord>
        <gx:coord>85.297439 27.822758 1867</gx:coord>
        <gx:coord>85.297458 27.822666 1856</gx:coord>
        <gx:coord>85.297456 27.822575 1860</gx:coord>
        <gx:coord>85.297352 27.822564 1866</gx:coord>
        <gx:coord>85.297306 27.822482 1866</gx:coord>
        <gx:coord>85.297227 27.822414 1855</gx:coord>
        <gx:coord>85.297129 27.822375 1842</gx:coord>
        <gx:coord>85.297074 27.822291 1846</gx:coord>
        <gx:coord>85.296995 27.82222 1847</gx:coord>
        <gx:coord>85.296917 27.822285 1835</gx:coord>
        <gx:coord>85.296862 27.822363 1839</gx:coord>
        <gx:coord>85.296767 27.822421 1839</gx:coord>
        <gx:coord>85.29673 27.822507 1844</gx:coord>
        <gx:coord>85.296708 27.822597 1843</gx:coord>
        <gx:coord>85.296669 27.82269 1836</gx:coord>
        <gx:coord>85.296568 27.822726 1834</gx:coord>
        <gx:coord>85.296488 27.82279 1835</gx:coord>
        <gx:coord>85.296409 27.82285 1837</gx:coord>
        <gx:coord>85.296306 27.822839 1833</gx:coord>
        <gx:coord>85.296225 27.822765 1831</gx:coord>
        <gx:coord>85.296158 27.822693 1831</gx:coord>
        <gx:coord>85.296055 27.822717 1830</gx:coord>
        <gx:coord>85.29597 27.822773 1830</gx:coord>
        <gx:coord>85.295867 27.822811 1831</gx:coord>
        <gx:coord>85.295794 27.822877 1830</gx:coord>
        <gx:coord>85.29582 27.822967 1831</gx:coord>
        <gx:coord>85.29587 27.823059 1831</gx:coord>
        <gx:coord>85.295877 27.823158 1832</gx:coord>
        <gx:coord>85.29589 27.823255 1831</gx:coord>
        <gx:coord>85.295875 27.823349 1831</gx:coord>
        <gx:coord>85.29587 27.823442 1829</gx:coord>
        <gx:coord>85.295911 27.823526 1830</gx:coord>
        <gx:coord>85.295933 27.823631 1826</gx:coord>
        <gx:coord>85.295866 27.823707 1828</gx:coord>
        <gx:coord>85.295758 27.823782 1829</gx:coord>
        <gx:coord>85.295667 27.823823 1829</gx:coord>
        <gx:coord>85.295562 27.823779 1825</gx:coord>
        <gx:coord>85.295452 27.823773 1827</gx:coord>
        <gx:coord>85.295345 27.823784 1821</gx:coord>
        <gx:coord>85.295239 27.823812 1816</gx:coord>
        <gx:coord>85.295131 27.823837 1815</gx:coord>
        <gx:coord>85.295052 27.823905 1812</gx:coord>
        <gx:coord>85.294975 27.823966 1808</gx:coord>
        <gx:coord>85.29489 27.824024 1805</gx:coord>
        <gx:coord>85.294795 27.824077 1810</gx:coord>
        <gx:coord>85.294712 27.824013 1808</gx:coord>
        <gx:coord>85.294783 27.823945 1805</gx:coord>
        <gx:coord>85.294815 27.823857 1804</gx:coord>
        <gx:coord>85.294774 27.82377 1798</gx:coord>
        <gx:coord>85.294692 27.823713 1795</gx:coord>
        <gx:coord>85.29461 27.823649 1796</gx:coord>
        <gx:coord>85.294597 27.823556 1794</gx:coord>
        <gx:coord>85.294624 27.823464 1794</gx:coord>
        <gx:coord>85.294607 27.823372 1795</gx:coord>
        <gx:coord>85.294508 27.82333 1794</gx:coord>
        <gx:coord>85.294407 27.823349 1791</gx:coord>
        <gx:coord>85.294307 27.823371 1789</gx:coord>
        <gx:coord>85.294203 27.823346 1786</gx:coord>
        <gx:coord>85.294097 27.823322 1784</gx:coord>
        <gx:coord>85.293994 27.82331 1781</gx:coord>
        <gx:coord>85.293885 27.82333 1778</gx:coord>
        <gx:coord>85.293788 27.823377 1774</gx:coord>
        <gx:coord>85.293689 27.823409 1769</gx:coord>
        <gx:coord>85.293608 27.823464 1767</gx:coord>
        <gx:coord>85.293527 27.823527 1764</gx:coord>
        <gx:coord>85.293422 27.823525 1763</gx:coord>
        <gx:coord>85.293399 27.823434 1763</gx:coord>
        <gx:coord>85.293409 27.82334 1761</gx:coord>
        <gx:coord>85.293389 27.82325 1762</gx:coord>
        <gx:coord>85.293371 27.82316 1760</gx:coord>
        <gx:coord>85.293334 27.823072 1758</gx:coord>
        <gx:coord>85.293306 27.822986 1758</gx:coord>
        <gx:coord>85.293246 27.82291 1757</gx:coord>
        <gx:coord>85.293192 27.822834 1757</gx:coord>
        <gx:coord>85.293152 27.822746 1752</gx:coord>
        <gx:coord>85.293152 27.822654 1744</gx:coord>
        <gx:coord>85.293145 27.822563 1748</gx:coord>
        <gx:coord>85.29305 27.822607 1750</gx:coord>
        <gx:coord>85.292999 27.822691 1750</gx:coord>
        <gx:coord>85.292947 27.822786 1743</gx:coord>
        <gx:coord>85.292994 27.822866 1739</gx:coord>
        <gx:coord>85.292974 27.822961 1738</gx:coord>
        <gx:coord>85.292996 27.82305 1735</gx:coord>
        <gx:coord>85.292976 27.823139 1728</gx:coord>
        <gx:coord>85.292916 27.823216 1732</gx:coord>
        <gx:coord>85.292823 27.82326 1735</gx:coord>
        <gx:coord>85.292753 27.823326 1736</gx:coord>
        <gx:coord>85.292698 27.823406 1729</gx:coord>
        <gx:coord>85.292715 27.823503 1722</gx:coord>
        <gx:coord>85.292742 27.82359 1720</gx:coord>
        <gx:coord>85.292699 27.823679 1722</gx:coord>
        <gx:coord>85.29265 27.823764 1721</gx:coord>
        <gx:coord>85.292597 27.823845 1725</gx:coord>
        <gx:coord>85.292567 27.823933 1720</gx:coord>
        <gx:coord>85.292557 27.824025 1721</gx:coord>
        <gx:coord>85.292513 27.82411 1716</gx:coord>
        <gx:coord>85.292433 27.824168 1707</gx:coord>
        <gx:coord>85.292343 27.824222 1713</gx:coord>
        <gx:coord>85.292251 27.82426 1707</gx:coord>
        <gx:coord>85.292165 27.82432 1710</gx:coord>
        <gx:coord>85.292077 27.824366 1710</gx:coord>
        <gx:coord>85.291987 27.824316 1707</gx:coord>
        <gx:coord>85.291905 27.82426 1707</gx:coord>
        <gx:coord>85.291799 27.824251 1705</gx:coord>
        <gx:coord>85.291697 27.824254 1702</gx:coord>
        <gx:coord>85.291596 27.824281 1699</gx:coord>
        <gx:coord>85.291494 27.824269 1698</gx:coord>
        <gx:coord>85.291414 27.82433 1702</gx:coord>
        <gx:coord>85.291331 27.824392 1699</gx:coord>
        <gx:coord>85.291254 27.824459 1697</gx:coord>
        <gx:coord>85.291145 27.824443 1693</gx:coord>
        <gx:coord>85.291056 27.82451 1690</gx:coord>
        <gx:coord>85.291073 27.824605 1685</gx:coord>
        <gx:coord>85.290972 27.824622 1679</gx:coord>
        <gx:coord>85.290868 27.824636 1676</gx:coord>
        <gx:coord>85.290825 27.824546 1679</gx:coord>
        <gx:coord>85.290828 27.824445 1680</gx:coord>
        <gx:coord>85.290844 27.824355 1682</gx:coord>
        <gx:coord>85.290917 27.82429 1671</gx:coord>
        <gx:coord>85.290966 27.824204 1668</gx:coord>
        <gx:coord>85.290941 27.824113 1668</gx:coord>
        <gx:coord>85.290879 27.82404 1669</gx:coord>
        <gx:coord>85.290939 27.823959 1668</gx:coord>
        <gx:coord>85.291018 27.823888 1665</gx:coord>
        <gx:coord>85.291089 27.823822 1666</gx:coord>
        <gx:coord>85.291089 27.823719 1668</gx:coord>
        <gx:coord>85.291068 27.823631 1666</gx:coord>
        <gx:coord>85.291083 27.823537 1661</gx:coord>
        <gx:coord>85.29115 27.823465 1665</gx:coord>
        <gx:coord>85.291232 27.823406 1667</gx:coord>
        <gx:coord>85.291305 27.823337 1668</gx:coord>
        <gx:coord>85.291265 27.823252 1666</gx:coord>
        <gx:coord>85.291238 27.823162 1656</gx:coord>
        <gx:coord>85.291203 27.823077 1666</gx:coord>
        <gx:coord>85.291133 27.822998 1664</gx:coord>
        <gx:coord>85.291091 27.822913 1662</gx:coord>
        <gx:coord>85.291041 27.82283 1660</gx:coord>
        <gx:coord>85.290937 27.822821 1663</gx:coord>
        <gx:coord>85.290827 27.822803 1663</gx:coord>
        <gx:coord>85.290726 27.822768 1667</gx:coord>
        <gx:coord>85.290632 27.822728 1664</gx:coord>
        <gx:coord>85.290557 27.822652 1660</gx:coord>
        <gx:coord>85.290504 27.822576 1658</gx:coord>
        <gx:coord>85.29055 27.822492 1655</gx:coord>
        <gx:coord>85.290617 27.822421 1652</gx:coord>
        <gx:coord>85.290604 27.822327 1654</gx:coord>
        <gx:coord>85.290541 27.822248 1651</gx:coord>
        <gx:coord>85.290531 27.822158 1649</gx:coord>
        <gx:coord>85.290545 27.822059 1643</gx:coord>
        <gx:coord>85.290607 27.821981 1641</gx:coord>
        <gx:coord>85.290695 27.821931 1644</gx:coord>
        <gx:coord>85.290795 27.821899 1643</gx:coord>
        <gx:coord>85.290847 27.821817 1642</gx:coord>
        <gx:coord>85.290918 27.821744 1641</gx:coord>
        <gx:coord>85.290967 27.821658 1640</gx:coord>
        <gx:coord>85.290953 27.821566 1638</gx:coord>
        <gx:coord>85.290871 27.821513 1639</gx:coord>
        <gx:coord>85.290765 27.821493 1638</gx:coord>
        <gx:coord>85.290659 27.821471 1638</gx:coord>
        <gx:coord>85.290573 27.821409 1638</gx:coord>
        <gx:coord>85.290494 27.821347 1638</gx:coord>
        <gx:coord>85.290414 27.821289 1637</gx:coord>
        <gx:coord>85.290305 27.821275 1633</gx:coord>
        <gx:coord>85.290194 27.821279 1629</gx:coord>
        <gx:coord>85.290093 27.821276 1630</gx:coord>
        <gx:coord>85.290002 27.821228 1628</gx:coord>
        <gx:coord>85.289953 27.821146 1627</gx:coord>
        <gx:coord>85.289915 27.821058 1624</gx:coord>
        <gx:coord>85.28986 27.820978 1619</gx:coord>
        <gx:coord>85.289793 27.820896 1623</gx:coord>
        <gx:coord>85.289726 27.820826 1618</gx:coord>
        <gx:coord>85.289682 27.820744 1612</gx:coord>
        <gx:coord>85.289688 27.82065 1613</gx:coord>
        <gx:coord>85.289728 27.820568 1611</gx:coord>
        <gx:coord>85.289637 27.820525 1616</gx:coord>
        <gx:coord>85.289568 27.820457 1615</gx:coord>
        <gx:coord>85.289482 27.820398 1609</gx:coord>
        <gx:coord>85.28936 27.820409 1623</gx:coord>
        <gx:coord>85.289262 27.820441 1614</gx:coord>
        <gx:coord>85.28917 27.820485 1612</gx:coord>
        <gx:coord>85.289084 27.820534 1615</gx:coord>
        <gx:coord>85.28901 27.820599 1620</gx:coord>
        <gx:coord>85.288918 27.820657 1800</gx:coord>
        <gx:coord>85.288838 27.820719 1637</gx:coord>
        <gx:coord>85.288777 27.820796 1635</gx:coord>
        <gx:coord>85.288749 27.820883 1626</gx:coord>
        <gx:coord>85.288686 27.820954 1623</gx:coord>
        <gx:coord>85.288588 27.820992 1620</gx:coord>
        <gx:coord>85.288533 27.821082 1622</gx:coord>
        <gx:coord>85.288504 27.821177 1627</gx:coord>
        <gx:coord>85.288436 27.821254 1624</gx:coord>
        <gx:coord>85.288344 27.821312 1618</gx:coord>
        <gx:coord>85.288246 27.821353 1617</gx:coord>
        <gx:coord>85.288138 27.821351 1621</gx:coord>
        <gx:coord>85.288063 27.821289 1623</gx:coord>
        <gx:coord>85.287974 27.821239 1621</gx:coord>
        <gx:coord>85.287871 27.821215 1621</gx:coord>
        <gx:coord>85.287766 27.821222 1628</gx:coord>
        <gx:coord>85.287688 27.821112 1627</gx:coord>
        <gx:coord>85.287631 27.821027 1625</gx:coord>
        <gx:coord>85.287528 27.821003 1629</gx:coord>
        <gx:coord>85.287483 27.821084 1634</gx:coord>
        <gx:coord>85.287406 27.82115 1633</gx:coord>
        <gx:coord>85.287347 27.821232 1634</gx:coord>
        <gx:coord>85.287274 27.821296 1630</gx:coord>
        <gx:coord>85.28716 27.821286 1627</gx:coord>
        <gx:coord>85.287058 27.821311 1630</gx:coord>
        <gx:coord>85.287011 27.821393 1630</gx:coord>
        <gx:coord>85.286931 27.821464 1631</gx:coord>
        <gx:coord>85.286836 27.821498 1632</gx:coord>
        <gx:coord>85.28673 27.8215 1629</gx:coord>
        <gx:coord>85.286633 27.821538 1705</gx:coord>
        <gx:coord>85.286526 27.821549 1643</gx:coord>
        <gx:coord>85.286435 27.821509 1633</gx:coord>
        <gx:coord>85.286333 27.821489 1634</gx:coord>
        <gx:coord>85.286241 27.821432 1634</gx:coord>
        <gx:coord>85.286189 27.821355 1633</gx:coord>
        <gx:coord>85.286225 27.821266 1631</gx:coord>
        <gx:coord>85.286159 27.821189 1627</gx:coord>
        <gx:coord>85.28605 27.821183 1630</gx:coord>
        <gx:coord>85.28594 27.821196 1632</gx:coord>
        <gx:coord>85.285836 27.82121 1631</gx:coord>
        <gx:coord>85.285739 27.821235 1631</gx:coord>
        <gx:coord>85.285648 27.821298 1633</gx:coord>
        <gx:coord>85.285576 27.821365 1629</gx:coord>
        <gx:coord>85.285486 27.821412 1625</gx:coord>
        <gx:coord>85.285381 27.821423 1626</gx:coord>
        <gx:coord>85.285276 27.821416 1643</gx:coord>
        <gx:coord>85.285179 27.821378 1637</gx:coord>
        <gx:coord>85.285124 27.82129 1629</gx:coord>
        <gx:coord>85.285075 27.821206 1629</gx:coord>
        <gx:coord>85.285056 27.821113 1632</gx:coord>
        <gx:coord>85.285023 27.821017 1627</gx:coord>
        <gx:coord>85.285015 27.82092 1628</gx:coord>
        <gx:coord>85.284977 27.820834 1627</gx:coord>
        <gx:coord>85.284914 27.820759 1628</gx:coord>
        <gx:coord>85.284844 27.820692 1625</gx:coord>
        <gx:coord>85.284867 27.820596 1623</gx:coord>
        <gx:coord>85.28486 27.820504 1622</gx:coord>
        <gx:coord>85.284861 27.820411 1621</gx:coord>
        <gx:coord>85.284833 27.820311 1620</gx:coord>
        <gx:coord>85.284756 27.820247 1624</gx:coord>
        <gx:coord>85.28467 27.820296 1689</gx:coord>
        <gx:coord>85.284588 27.820349 1633</gx:coord>
        <gx:coord>85.284483 27.82035 1632</gx:coord>
        <gx:coord>85.2844 27.820296 1628</gx:coord>
        <gx:coord>85.284364 27.820211 1628</gx:coord>
        <gx:coord>85.284338 27.820114 1627</gx:coord>
        <gx:coord>85.284272 27.820039 1629</gx:coord>
        <gx:coord>85.284168 27.82006 1645</gx:coord>
        <gx:coord>85.284085 27.820124 1636</gx:coord>
        <gx:coord>85.284003 27.820191 1636</gx:coord>
        <gx:coord>85.283927 27.820253 1636</gx:coord>
        <gx:coord>85.283846 27.820323 1636</gx:coord>
        <gx:coord>85.283768 27.820392 1635</gx:coord>
        <gx:coord>85.283679 27.820441 1636</gx:coord>
        <gx:coord>85.283576 27.8204 1635</gx:coord>
        <gx:coord>85.283521 27.820322 1634</gx:coord>
        <gx:coord>85.283426 27.820272 1637</gx:coord>
        <gx:coord>85.283338 27.820213 1636</gx:coord>
        <gx:coord>85.283278 27.820128 1638</gx:coord>
        <gx:coord>85.283179 27.820085 1640</gx:coord>
        <gx:coord>85.283069 27.82008 1637</gx:coord>
        <gx:coord>85.282967 27.820064 1640</gx:coord>
        <gx:coord>85.282865 27.820061 1637</gx:coord>
        <gx:coord>85.28276 27.820044 1638</gx:coord>
        <gx:coord>85.282658 27.820025 1640</gx:coord>
        <gx:coord>85.282587 27.819956 1637</gx:coord>
        <gx:coord>85.282548 27.819856 1639</gx:coord>
        <gx:coord>85.282527 27.819758 1710</gx:coord>
        <gx:coord>85.282469 27.819669 1653</gx:coord>
        <gx:coord>85.282408 27.81958 1640</gx:coord>
        <gx:coord>85.282359 27.819497 1635</gx:coord>
        <gx:coord>85.282284 27.819431 1638</gx:coord>
        <gx:coord>85.282228 27.819352 1632</gx:coord>
        <gx:coord>85.282152 27.819272 1788</gx:coord>
        <gx:coord>85.282062 27.81923 1633</gx:coord>
        <gx:coord>85.281972 27.81929 1640</gx:coord>
        <gx:coord>85.281955 27.819381 1644</gx:coord>
        <gx:coord>85.281928 27.819469 1645</gx:coord>
        <gx:coord>85.281864 27.819546 1644</gx:coord>
        <gx:coord>85.281767 27.819594 1644</gx:coord>
        <gx:coord>85.281661 27.819608 1645</gx:coord>
        <gx:coord>85.281566 27.819638 1646</gx:coord>
        <gx:coord>85.281471 27.81969 1647</gx:coord>
        <gx:coord>85.281406 27.819763 1648</gx:coord>
        <gx:coord>85.281352 27.819848 1648</gx:coord>
        <gx:coord>85.281272 27.819915 1645</gx:coord>
        <gx:coord>85.281172 27.819957 1648</gx:coord>
        <gx:coord>85.281074 27.819987 1650</gx:coord>
        <gx:coord>85.280973 27.819946 1648</gx:coord>
        <gx:coord>85.280921 27.819867 1647</gx:coord>
        <gx:coord>85.280879 27.81978 1646</gx:coord>
        <gx:coord>85.280814 27.819697 1645</gx:coord>
        <gx:coord>85.280733 27.819631 1644</gx:coord>
        <gx:coord>85.280651 27.819568 1648</gx:coord>
        <gx:coord>85.280559 27.819605 1653</gx:coord>
        <gx:coord>85.280513 27.819686 1657</gx:coord>
        <gx:coord>85.280472 27.819773 1661</gx:coord>
        <gx:coord>85.280438 27.81986 1663</gx:coord>
        <gx:coord>85.280381 27.819942 1663</gx:coord>
        <gx:coord>85.280301 27.820005 1661</gx:coord>
        <gx:coord>85.280279 27.820101 1660</gx:coord>
        <gx:coord>85.280292 27.8202 1660</gx:coord>
        <gx:coord>85.280303 27.820293 1662</gx:coord>
        <gx:coord>85.280315 27.820385 1661</gx:coord>
        <gx:coord>85.280298 27.82048 1669</gx:coord>
        <gx:coord>85.280211 27.820543 1663</gx:coord>
        <gx:coord>85.280118 27.820586 1667</gx:coord>
        <gx:coord>85.280011 27.820559 1669</gx:coord>
        <gx:coord>85.279918 27.820519 1663</gx:coord>
        <gx:coord>85.279822 27.82047 1659</gx:coord>
        <gx:coord>85.279729 27.82042 1657</gx:coord>
        <gx:coord>85.27964 27.820372 1660</gx:coord>
        <gx:coord>85.279596 27.820289 1659</gx:coord>
        <gx:coord>85.279518 27.820226 1654</gx:coord>
        <gx:coord>85.279428 27.820271 1652</gx:coord>
        <gx:coord>85.279327 27.820304 1652</gx:coord>
        <gx:coord>85.279218 27.820314 1653</gx:coord>
        <gx:coord>85.27912 27.820365 1662</gx:coord>
        <gx:coord>85.279016 27.820347 1664</gx:coord>
        <gx:coord>85.278918 27.820321 1660</gx:coord>
        <gx:coord>85.278822 27.820266 1656</gx:coord>
        <gx:coord>85.278748 27.820203 1656</gx:coord>
        <gx:coord>85.278643 27.820191 1656</gx:coord>
        <gx:coord>85.278539 27.820176 1656</gx:coord>
        <gx:coord>85.278421 27.820179 1655</gx:coord>
        <gx:coord>85.278308 27.820158 1652</gx:coord>
        <gx:coord>85.278209 27.820135 1650</gx:coord>
        <gx:coord>85.278111 27.820165 1666</gx:coord>
        <gx:coord>85.278122 27.820257 1668</gx:coord>
        <gx:coord>85.278209 27.820312 1675</gx:coord>
        <gx:coord>85.278298 27.820364 1682</gx:coord>
        <gx:coord>85.278383 27.820413 1682</gx:coord>
        <gx:coord>85.278462 27.820477 1682</gx:coord>
        <gx:coord>85.278479 27.820566 1682</gx:coord>
        <gx:coord>85.278468 27.820661 1689</gx:coord>
        <gx:coord>85.278508 27.820747 1690</gx:coord>
        <gx:coord>85.278527 27.82084 1684</gx:coord>
        <gx:coord>85.278554 27.820932 1686</gx:coord>
        <gx:coord>85.278636 27.820994 1681</gx:coord>
        <gx:coord>85.278717 27.821063 1681</gx:coord>
        <gx:coord>85.27881 27.821117 1683</gx:coord>
        <gx:coord>85.27889 27.821182 1683</gx:coord>
        <gx:coord>85.278887 27.821271 1685</gx:coord>
        <gx:coord>85.278845 27.821361 1691</gx:coord>
        <gx:coord>85.278825 27.821457 1687</gx:coord>
        <gx:coord>85.278799 27.821551 1686</gx:coord>
        <gx:coord>85.278768 27.821641 1685</gx:coord>
        <gx:coord>85.278664 27.821639 1684</gx:coord>
        <gx:coord>85.278714 27.821555 1686</gx:coord>
        <gx:coord>85.278724 27.821464 1687</gx:coord>
        <gx:coord>85.27868 27.821376 1691</gx:coord>
        <gx:coord>85.27866 27.821283 1688</gx:coord>
        <gx:coord>85.278618 27.821199 1692</gx:coord>
        <gx:coord>85.278519 27.821161 1699</gx:coord>
        <gx:coord>85.278416 27.821158 1698</gx:coord>
        <gx:coord>85.278318 27.821136 1703</gx:coord>
        <gx:coord>85.27825 27.821065 1707</gx:coord>
        <gx:coord>85.278185 27.820994 1708</gx:coord>
        <gx:coord>85.278168 27.820903 1707</gx:coord>
        <gx:coord>85.278086 27.820839 1708</gx:coord>
        <gx:coord>85.277983 27.820815 1715</gx:coord>
        <gx:coord>85.277885 27.820784 1714</gx:coord>
        <gx:coord>85.277811 27.820718 1724</gx:coord>
        <gx:coord>85.277754 27.820641 1729</gx:coord>
        <gx:coord>85.277654 27.820599 1727</gx:coord>
        <gx:coord>85.277583 27.820529 1727</gx:coord>
        <gx:coord>85.277522 27.820443 1724</gx:coord>
        <gx:coord>85.277433 27.820393 1727</gx:coord>
        <gx:coord>85.277344 27.820343 1727</gx:coord>
        <gx:coord>85.277255 27.820292 1731</gx:coord>
        <gx:coord>85.277154 27.820282 1736</gx:coord>
        <gx:coord>85.277049 27.820277 1738</gx:coord>
        <gx:coord>85.27695 27.820254 1732</gx:coord>
        <gx:coord>85.276846 27.820228 1735</gx:coord>
        <gx:coord>85.276738 27.82023 1737</gx:coord>
        <gx:coord>85.276635 27.820203 1736</gx:coord>
        <gx:coord>85.276606 27.820111 1734</gx:coord>
        <gx:coord>85.276611 27.820021 1734</gx:coord>
        <gx:coord>85.276582 27.819926 1732</gx:coord>
        <gx:coord>85.27648 27.819939 1740</gx:coord>
        <gx:coord>85.276372 27.819943 1738</gx:coord>
        <gx:coord>85.276266 27.819917 1744</gx:coord>
        <gx:coord>85.276235 27.819828 1744</gx:coord>
        <gx:coord>85.276188 27.819743 1743</gx:coord>
        <gx:coord>85.276127 27.819664 1739</gx:coord>
        <gx:coord>85.276061 27.819591 1738</gx:coord>
        <gx:coord>85.275999 27.819516 1746</gx:coord>
        <gx:coord>85.275915 27.819463 1750</gx:coord>
        <gx:coord>85.275814 27.819441 1750</gx:coord>
        <gx:coord>85.275707 27.819457 1753</gx:coord>
        <gx:coord>85.275603 27.819467 1758</gx:coord>
        <gx:coord>85.275513 27.819413 1764</gx:coord>
        <gx:coord>85.275483 27.819322 1765</gx:coord>
        <gx:coord>85.275449 27.819237 1773</gx:coord>
        <gx:coord>85.275392 27.819312 1772</gx:coord>
        <gx:coord>85.275318 27.819382 1771</gx:coord>
        <gx:coord>85.275224 27.819433 1774</gx:coord>
        <gx:coord>85.275114 27.819457 1774</gx:coord>
        <gx:coord>85.275019 27.819421 1773</gx:coord>
        <gx:coord>85.274922 27.819365 1770</gx:coord>
        <gx:coord>85.274846 27.819287 1772</gx:coord>
        <gx:coord>85.274807 27.819195 1769</gx:coord>
        <gx:coord>85.274806 27.819104 1769</gx:coord>
        <gx:coord>85.274888 27.819164 1771</gx:coord>
        <gx:coord>85.274981 27.819214 1776</gx:coord>
        <gx:coord>85.275078 27.819183 1778</gx:coord>
        <gx:coord>85.275121 27.819094 1781</gx:coord>
        <gx:coord>85.2751 27.819 1784</gx:coord>
        <gx:coord>85.275028 27.818931 1796</gx:coord>
        <gx:coord>85.274955 27.81886 1792</gx:coord>
        <gx:coord>85.274911 27.818779 1789</gx:coord>
        <gx:coord>85.274858 27.818699 1789</gx:coord>
        <gx:coord>85.274865 27.818605 1799</gx:coord>
        <gx:coord>85.274939 27.818536 1804</gx:coord>
        <gx:coord>85.274996 27.818455 1797</gx:coord>
        <gx:coord>85.274964 27.818367 1801</gx:coord>
        <gx:coord>85.274886 27.818297 1801</gx:coord>
        <gx:coord>85.274852 27.818205 1802</gx:coord>
        <gx:coord>85.274841 27.81811 1800</gx:coord>
        <gx:coord>85.274871 27.818008 1805</gx:coord>
        <gx:coord>85.274825 27.817924 1806</gx:coord>
        <gx:coord>85.2748 27.81783 1808</gx:coord>
        <gx:coord>85.274847 27.817745 1809</gx:coord>
        <gx:coord>85.274898 27.817666 1807</gx:coord>
        <gx:coord>85.274882 27.817576 1808</gx:coord>
        <gx:coord>85.274835 27.817493 1808</gx:coord>
        <gx:coord>85.274766 27.81742 1809</gx:coord>
        <gx:coord>85.274692 27.817497 1817</gx:coord>
        <gx:coord>85.274717 27.817585 1827</gx:coord>
        <gx:coord>85.274631 27.817637 1823</gx:coord>
        <gx:coord>85.274546 27.817563 1819</gx:coord>
        <gx:coord>85.274509 27.817476 1817</gx:coord>
        <gx:coord>85.274589 27.817413 1820</gx:coord>
        <gx:coord>85.274584 27.81732 1819</gx:coord>
        <gx:coord>85.274508 27.817259 1824</gx:coord>
        <gx:coord>85.274414 27.817223 1826</gx:coord>
        <gx:coord>85.274289 27.817203 1823</gx:coord>
        <gx:coord>85.274334 27.817291 1825</gx:coord>
        <gx:coord>85.274366 27.817378 1832</gx:coord>
        <gx:coord>85.27437 27.817468 1840</gx:coord>
        <gx:coord>85.27434 27.817556 1841</gx:coord>
        <gx:coord>85.274288 27.817641 1846</gx:coord>
        <gx:coord>85.274306 27.817733 1844</gx:coord>
        <gx:coord>85.274334 27.817824 1849</gx:coord>
        <gx:coord>85.274347 27.817914 1844</gx:coord>
        <gx:coord>85.274257 27.817961 1836</gx:coord>
        <gx:coord>85.274161 27.817927 1839</gx:coord>
        <gx:coord>85.274102 27.817851 1841</gx:coord>
        <gx:coord>85.274062 27.817761 1844</gx:coord>
        <gx:coord>85.27405 27.817666 1840</gx:coord>
        <gx:coord>85.27408 27.817577 1843</gx:coord>
        <gx:coord>85.274097 27.817488 1842</gx:coord>
        <gx:coord>85.27405 27.817399 1837</gx:coord>
        <gx:coord>85.273951 27.817366 1837</gx:coord>
        <gx:coord>85.273844 27.817351 1843</gx:coord>
        <gx:coord>85.27375 27.81731 1846</gx:coord>
        <gx:coord>85.273646 27.8173 1850</gx:coord>
        <gx:coord>85.273678 27.817389 1851</gx:coord>
        <gx:coord>85.273762 27.817448 1853</gx:coord>
        <gx:coord>85.273812 27.817531 1851</gx:coord>
        <gx:coord>85.273754 27.817611 1850</gx:coord>
        <gx:coord>85.273651 27.817627 1853</gx:coord>
        <gx:coord>85.273546 27.81764 1854</gx:coord>
        <gx:coord>85.273437 27.817657 1859</gx:coord>
        <gx:coord>85.273347 27.817607 1862</gx:coord>
        <gx:coord>85.273259 27.817537 1867</gx:coord>
        <gx:coord>85.273176 27.817483 1870</gx:coord>
        <gx:coord>85.273098 27.81742 1869</gx:coord>
        <gx:coord>85.273027 27.817355 1869</gx:coord>
        <gx:coord>85.272965 27.817278 1866</gx:coord>
        <gx:coord>85.272887 27.817211 1869</gx:coord>
        <gx:coord>85.272821 27.817139 1867</gx:coord>
        <gx:coord>85.272725 27.817101 1872</gx:coord>
        <gx:coord>85.272636 27.817053 1872</gx:coord>
        <gx:coord>85.27254 27.817015 1872</gx:coord>
        <gx:coord>85.272452 27.816956 1876</gx:coord>
        <gx:coord>85.272432 27.816866 1879</gx:coord>
        <gx:coord>85.272406 27.816773 1880</gx:coord>
        <gx:coord>85.272409 27.816676 1877</gx:coord>
        <gx:coord>85.272486 27.816611 1879</gx:coord>
        <gx:coord>85.272586 27.816586 1886</gx:coord>
        <gx:coord>85.272685 27.816561 1886</gx:coord>
        <gx:coord>85.27273 27.816473 1887</gx:coord>
        <gx:coord>85.272677 27.816391 1888</gx:coord>
        <gx:coord>85.272653 27.816297 1892</gx:coord>
        <gx:coord>85.272568 27.816233 1889</gx:coord>
        <gx:coord>85.272507 27.816161 1892</gx:coord>
        <gx:coord>85.272432 27.816091 1888</gx:coord>
        <gx:coord>85.272378 27.816015 1890</gx:coord>
        <gx:coord>85.272296 27.81596 1894</gx:coord>
        <gx:coord>85.272217 27.815902 1891</gx:coord>
        <gx:coord>85.272123 27.815867 1889</gx:coord>
        <gx:coord>85.27206 27.815789 1891</gx:coord>
        <gx:coord>85.272002 27.815713 1887</gx:coord>
        <gx:coord>85.271955 27.815621 1888</gx:coord>
        <gx:coord>85.272047 27.815577 1894</gx:coord>
        <gx:coord>85.27214 27.815534 1894</gx:coord>
        <gx:coord>85.272216 27.815474 1895</gx:coord>
        <gx:coord>85.272256 27.815385 1897</gx:coord>
        <gx:coord>85.27231 27.815291 1896</gx:coord>
        <gx:coord>85.272363 27.815207 1901</gx:coord>
        <gx:coord>85.272408 27.815126 1895</gx:coord>
        <gx:coord>85.272404 27.815032 1893</gx:coord>
        <gx:coord>85.272354 27.814943 1901</gx:coord>
        <gx:coord>85.272344 27.814851 1900</gx:coord>
        <gx:coord>85.272302 27.814765 1905</gx:coord>
        <gx:coord>85.272268 27.814674 1910</gx:coord>
        <gx:coord>85.272275 27.814582 1911</gx:coord>
        <gx:coord>85.272301 27.814492 1906</gx:coord>
        <gx:coord>85.272262 27.814405 1912</gx:coord>
        <gx:coord>85.272346 27.814352 1907</gx:coord>
        <gx:coord>85.272425 27.814414 1915</gx:coord>
        <gx:coord>85.272497 27.81449 1915</gx:coord>
        <gx:coord>85.272591 27.814532 1916</gx:coord>
        <gx:coord>85.272689 27.814559 1920</gx:coord>
        <gx:coord>85.272788 27.814527 1921</gx:coord>
        <gx:coord>85.272848 27.814453 1926</gx:coord>
        <gx:coord>85.272905 27.814374 1930</gx:coord>
        <gx:coord>85.272978 27.814304 1933</gx:coord>
        <gx:coord>85.273028 27.814226 1935</gx:coord>
        <gx:coord>85.273056 27.814139 1936</gx:coord>
        <gx:coord>85.273124 27.814065 1938</gx:coord>
        <gx:coord>85.27318 27.813988 1939</gx:coord>
        <gx:coord>85.273196 27.813891 1942</gx:coord>
        <gx:coord>85.273203 27.813799 1945</gx:coord>
        <gx:coord>85.273184 27.813707 1947</gx:coord>
        <gx:coord>85.27316 27.813615 1950</gx:coord>
        <gx:coord>85.273114 27.81353 1952</gx:coord>
        <gx:coord>85.273045 27.813454 1953</gx:coord>
        <gx:coord>85.272982 27.813373 1952</gx:coord>
        <gx:coord>85.272965 27.813279 1953</gx:coord>
        <gx:coord>85.273027 27.813205 1955</gx:coord>
        <gx:coord>85.273048 27.813113 1956</gx:coord>
        <gx:coord>85.273045 27.813016 1958</gx:coord>
        <gx:coord>85.273047 27.812925 1959</gx:coord>
        <gx:coord>85.273128 27.812863 1958</gx:coord>
        <gx:coord>85.273232 27.812868 1958</gx:coord>
        <gx:coord>85.27334 27.812872 1962</gx:coord>
        <gx:coord>85.27345 27.812875 1964</gx:coord>
        <gx:coord>85.273561 27.812873 1960</gx:coord>
        <gx:coord>85.273666 27.8129 1960</gx:coord>
        <gx:coord>85.273778 27.812901 1964</gx:coord>
        <gx:coord>85.273881 27.812904 1962</gx:coord>
        <gx:coord>85.27398 27.812932 1959</gx:coord>
        <gx:coord>85.274089 27.812945 1963</gx:coord>
        <gx:coord>85.274195 27.812953 1968</gx:coord>
        <gx:coord>85.274303 27.812961 1969</gx:coord>
        <gx:coord>85.274409 27.812988 1971</gx:coord>
        <gx:coord>85.27451 27.813003 1973</gx:coord>
        <gx:coord>85.274611 27.813044 1976</gx:coord>
        <gx:coord>85.274654 27.813127 1977</gx:coord>
        <gx:coord>85.274651 27.813217 1979</gx:coord>
        <gx:coord>85.274744 27.813253 1977</gx:coord>
        <gx:coord>85.274816 27.813182 1979</gx:coord>
        <gx:coord>85.274851 27.813092 1978</gx:coord>
        <gx:coord>85.274919 27.813016 1974</gx:coord>
        <gx:coord>85.275017 27.813044 1973</gx:coord>
        <gx:coord>85.275057 27.81313 1978</gx:coord>
        <gx:coord>85.275093 27.813218 1981</gx:coord>
        <gx:coord>85.275122 27.813309 1981</gx:coord>
        <gx:coord>85.275163 27.813391 1962</gx:coord>
        <gx:coord>85.275134 27.813303 1976</gx:coord>
        <gx:coord>85.275093 27.813219 1975</gx:coord>
        <gx:coord>85.275067 27.813127 1970</gx:coord>
        <gx:coord>85.275009 27.813049 1970</gx:coord>
        <gx:coord>85.274914 27.813081 1974</gx:coord>
        <gx:coord>85.274867 27.813165 1973</gx:coord>
        <gx:coord>85.274808 27.813249 1976</gx:coord>
        <gx:coord>85.274716 27.813296 1973</gx:coord>
        <gx:coord>85.274621 27.81326 1970</gx:coord>
        <gx:coord>85.274608 27.813163 1971</gx:coord>
        <gx:coord>85.274602 27.813069 1968</gx:coord>
        <gx:coord>85.274503 27.813028 1967</gx:coord>
        <gx:coord>85.274411 27.812986 1966</gx:coord>
        <gx:coord>85.274299 27.812972 1966</gx:coord>
        <gx:coord>85.274196 27.81297 1964</gx:coord>
        <gx:coord>85.274091 27.812972 1969</gx:coord>
        <gx:coord>85.27399 27.81295 1965</gx:coord>
        <gx:coord>85.273888 27.812921 1961</gx:coord>
        <gx:coord>85.273785 27.812892 1966</gx:coord>
        <gx:coord>85.273684 27.812877 1964</gx:coord>
        <gx:coord>85.273581 27.812901 1959</gx:coord>
        <gx:coord>85.273478 27.812906 1962</gx:coord>
        <gx:coord>85.273372 27.812888 1960</gx:coord>
        <gx:coord>85.273276 27.812848 1965</gx:coord>
        <gx:coord>85.273172 27.812845 1965</gx:coord>
        <gx:coord>85.273061 27.812867 1965</gx:coord>
        <gx:coord>85.272975 27.812933 1962</gx:coord>
        <gx:coord>85.272941 27.813024 1971</gx:coord>
        <gx:coord>85.272841 27.812988 1973</gx:coord>
        <gx:coord>85.272791 27.812902 1982</gx:coord>
        <gx:coord>85.272735 27.81282 1983</gx:coord>
        <gx:coord>85.272647 27.812771 1986</gx:coord>
        <gx:coord>85.272557 27.812826 1989</gx:coord>
        <gx:coord>85.27247 27.812883 1989</gx:coord>
        <gx:coord>85.272398 27.812955 1988</gx:coord>
        <gx:coord>85.272328 27.813025 1989</gx:coord>
        <gx:coord>85.272289 27.813112 1997</gx:coord>
        <gx:coord>85.272253 27.813197 1995</gx:coord>
        <gx:coord>85.272218 27.813285 1996</gx:coord>
        <gx:coord>85.272111 27.813274 1993</gx:coord>
        <gx:coord>85.272066 27.813193 1993</gx:coord>
        <gx:coord>85.271994 27.813124 1997</gx:coord>
        <gx:coord>85.271947 27.813044 2003</gx:coord>
        <gx:coord>85.271848 27.81302 2001</gx:coord>
        <gx:coord>85.271715 27.81299 2003</gx:coord>
        <gx:coord>85.271611 27.81303 1999</gx:coord>
        <gx:coord>85.271526 27.812979 2002</gx:coord>
        <gx:coord>85.271419 27.812982 2001</gx:coord>
        <gx:coord>85.271326 27.81302 2003</gx:coord>
        <gx:coord>85.271219 27.813052 2001</gx:coord>
        <gx:coord>85.271112 27.813065 2001</gx:coord>
        <gx:coord>85.271009 27.813073 2003</gx:coord>
        <gx:coord>85.270913 27.813116 2006</gx:coord>
        <gx:coord>85.270815 27.813149 2009</gx:coord>
        <gx:coord>85.270722 27.813196 2014</gx:coord>
        <gx:coord>85.270623 27.813227 2016</gx:coord>
        <gx:coord>85.270519 27.813237 2017</gx:coord>
        <gx:coord>85.270409 27.813214 2018</gx:coord>
        <gx:coord>85.270313 27.813171 2018</gx:coord>
        <gx:coord>85.270207 27.813141 2018</gx:coord>
        <gx:coord>85.270097 27.813148 2018</gx:coord>
        <gx:coord>85.270019 27.813211 2015</gx:coord>
        <gx:coord>85.27 27.813301 2019</gx:coord>
        <gx:coord>85.270094 27.813342 2022</gx:coord>
        <gx:coord>85.27018 27.813286 2021</gx:coord>
        <gx:coord>85.270109 27.813352 2025</gx:coord>
        <gx:coord>85.270018 27.813394 2014</gx:coord>
        <gx:coord>85.269951 27.813467 2012</gx:coord>
        <gx:coord>85.269871 27.813541 2014</gx:coord>
        <gx:coord>85.269796 27.813605 2011</gx:coord>
        <gx:coord>85.269761 27.813695 2011</gx:coord>
        <gx:coord>85.269715 27.813786 2011</gx:coord>
        <gx:coord>85.26962 27.813818 2015</gx:coord>
        <gx:coord>85.269519 27.813804 2011</gx:coord>
        <gx:coord>85.269407 27.813804 2003</gx:coord>
        <gx:coord>85.269299 27.813816 2001</gx:coord>
        <gx:coord>85.269194 27.813827 1998</gx:coord>
        <gx:coord>85.269087 27.813818 1997</gx:coord>
        <gx:coord>85.268979 27.813828 1995</gx:coord>
        <gx:coord>85.268877 27.813845 1995</gx:coord>
        <gx:coord>85.26878 27.813879 1998</gx:coord>
        <gx:coord>85.268693 27.813934 1997</gx:coord>
        <gx:coord>85.268599 27.813981 1999</gx:coord>
        <gx:coord>85.268521 27.814046 2000</gx:coord>
        <gx:coord>85.268433 27.814097 2000</gx:coord>
        <gx:coord>85.268368 27.81417 2003</gx:coord>
        <gx:coord>85.268415 27.81425 1998</gx:coord>
        <gx:coord>85.268478 27.814323 2001</gx:coord>
        <gx:coord>85.268527 27.814406 2002</gx:coord>
        <gx:coord>85.268513 27.814499 1996</gx:coord>
        <gx:coord>85.268498 27.81459 2002</gx:coord>
        <gx:coord>85.268465 27.814682 2000</gx:coord>
        <gx:coord>85.268359 27.814678 1999</gx:coord>
        <gx:coord>85.268288 27.814606 2009</gx:coord>
        <gx:coord>85.268187 27.814583 2010</gx:coord>
        <gx:coord>85.26811 27.814642 2011</gx:coord>
        <gx:coord>85.268201 27.814697 2015</gx:coord>
        <gx:coord>85.268244 27.814779 2018</gx:coord>
        <gx:coord>85.268169 27.814841 2018</gx:coord>
        <gx:coord>85.268068 27.814805 2018</gx:coord>
        <gx:coord>85.267975 27.814759 2020</gx:coord>
        <gx:coord>85.267874 27.814725 2023</gx:coord>
        <gx:coord>85.267766 27.814704 2025</gx:coord>
        <gx:coord>85.267864 27.814741 2018</gx:coord>
        <gx:coord>85.267931 27.814674 2021</gx:coord>
        <gx:coord>85.268033 27.814642 2018</gx:coord>
        <gx:coord>85.268129 27.814611 2012</gx:coord>
        <gx:coord>85.268251 27.814602 2011</gx:coord>
        <gx:coord>85.268354 27.814599 2008</gx:coord>
        <gx:coord>85.268449 27.814566 2002</gx:coord>
        <gx:coord>85.268518 27.814498 1997</gx:coord>
        <gx:coord>85.268492 27.814408 1999</gx:coord>
        <gx:coord>85.268421 27.814343 1991</gx:coord>
        <gx:coord>85.268389 27.814257 1997</gx:coord>
        <gx:coord>85.268491 27.814264 1993</gx:coord>
        <gx:coord>85.268584 27.814307 1990</gx:coord>
        <gx:coord>85.268685 27.814348 1995</gx:coord>
        <gx:coord>85.268749 27.814423 1995</gx:coord>
        <gx:coord>85.268806 27.814503 1997</gx:coord>
        <gx:coord>85.26887 27.814576 1996</gx:coord>
        <gx:coord>85.268948 27.814639 1990</gx:coord>
        <gx:coord>85.269047 27.814664 1988</gx:coord>
        <gx:coord>85.26911 27.814734 1985</gx:coord>
        <gx:coord>85.269152 27.814822 1991</gx:coord>
        <gx:coord>85.269221 27.814899 1990</gx:coord>
        <gx:coord>85.269241 27.814996 2002</gx:coord>
        <gx:coord>85.269353 27.81503 1998</gx:coord>
        <gx:coord>85.269255 27.815004 1995</gx:coord>
        <gx:coord>85.269251 27.814913 1993</gx:coord>
        <gx:coord>85.269216 27.814828 1990</gx:coord>
        <gx:coord>85.269159 27.814745 1991</gx:coord>
        <gx:coord>85.269098 27.814668 1992</gx:coord>
        <gx:coord>85.268996 27.814646 1994</gx:coord>
        <gx:coord>85.268887 27.814624 1993</gx:coord>
        <gx:coord>85.268831 27.814543 1993</gx:coord>
        <gx:coord>85.268775 27.814468 1994</gx:coord>
        <gx:coord>85.268711 27.814386 1991</gx:coord>
        <gx:coord>85.268634 27.81432 1993</gx:coord>
        <gx:coord>85.268537 27.814286 1996</gx:coord>
        <gx:coord>85.268466 27.814217 1997</gx:coord>
        <gx:coord>85.268368 27.81425 1999</gx:coord>
        <gx:coord>85.268382 27.814149 2004</gx:coord>
        <gx:coord>85.26845 27.814081 2001</gx:coord>
        <gx:coord>85.268536 27.814017 2000</gx:coord>
        <gx:coord>85.268616 27.813959 1995</gx:coord>
        <gx:coord>85.2687 27.813908 1992</gx:coord>
        <gx:coord>85.268782 27.81385 1997</gx:coord>
        <gx:coord>85.26888 27.813812 1997</gx:coord>
        <gx:coord>85.268986 27.813808 1997</gx:coord>
        <gx:coord>85.269086 27.813789 1997</gx:coord>
        <gx:coord>85.269171 27.813736 1999</gx:coord>
        <gx:coord>85.269268 27.813708 2000</gx:coord>
        <gx:coord>85.269352 27.81365 2001</gx:coord>
        <gx:coord>85.269423 27.813582 2002</gx:coord>
        <gx:coord>85.269494 27.813517 2006</gx:coord>
        <gx:coord>85.269549 27.81344 2005</gx:coord>
        <gx:coord>85.269591 27.813354 2003</gx:coord>
        <gx:coord>85.269678 27.813305 2003</gx:coord>
        <gx:coord>85.269725 27.813223 2000</gx:coord>
        <gx:coord>85.269771 27.81314 1998</gx:coord>
        <gx:coord>85.269789 27.813052 1997</gx:coord>
        <gx:coord>85.269784 27.812956 1997</gx:coord>
        <gx:coord>85.269756 27.81286 1997</gx:coord>
        <gx:coord>85.269734 27.812762 1995</gx:coord>
        <gx:coord>85.269708 27.812672 1990</gx:coord>
        <gx:coord>85.269723 27.812581 1990</gx:coord>
        <gx:coord>85.269776 27.812501 1991</gx:coord>
        <gx:coord>85.269885 27.812498 1943</gx:coord>
        <gx:coord>85.269976 27.81254 1977</gx:coord>
        <gx:coord>85.270073 27.812586 2007</gx:coord>
        <gx:coord>85.270171 27.812623 1962</gx:coord>
        <gx:coord>85.270274 27.812626 1981</gx:coord>
        <gx:coord>85.270389 27.812618 1982</gx:coord>
        <gx:coord>85.27049 27.812653 1978</gx:coord>
        <gx:coord>85.270599 27.812668 1980</gx:coord>
        <gx:coord>85.270699 27.812636 1982</gx:coord>
        <gx:coord>85.270804 27.812634 1992</gx:coord>
        <gx:coord>85.270914 27.812638 1984</gx:coord>
        <gx:coord>85.271018 27.812638 1983</gx:coord>
        <gx:coord>85.271124 27.812655 1981</gx:coord>
        <gx:coord>85.271231 27.812655 1981</gx:coord>
        <gx:coord>85.271334 27.812628 1977</gx:coord>
        <gx:coord>85.27144 27.812613 1974</gx:coord>
        <gx:coord>85.271504 27.81254 1977</gx:coord>
        <gx:coord>85.271584 27.812474 1975</gx:coord>
        <gx:coord>85.271692 27.812486 1976</gx:coord>
        <gx:coord>85.271797 27.812496 1976</gx:coord>
        <gx:coord>85.271906 27.81252 1976</gx:coord>
        <gx:coord>85.272005 27.812544 1973</gx:coord>
        <gx:coord>85.272109 27.812568 1973</gx:coord>
        <gx:coord>85.272218 27.81259 1971</gx:coord>
        <gx:coord>85.272317 27.812561 1969</gx:coord>
        <gx:coord>85.272426 27.812556 1960</gx:coord>
        <gx:coord>85.272534 27.812529 1961</gx:coord>
        <gx:coord>85.272437 27.812497 1963</gx:coord>
        <gx:coord>85.272329 27.812485 1968</gx:coord>
        <gx:coord>85.272227 27.812494 1968</gx:coord>
        <gx:coord>85.272125 27.81247 1960</gx:coord>
        <gx:coord>85.272048 27.812409 1959</gx:coord>
        <gx:coord>85.27197 27.812345 1964</gx:coord>
        <gx:coord>85.271854 27.812333 1964</gx:coord>
        <gx:coord>85.271748 27.812324 1963</gx:coord>
        <gx:coord>85.271647 27.81231 1960</gx:coord>
        <gx:coord>85.271557 27.812267 1960</gx:coord>
        <gx:coord>85.271446 27.81226 1959</gx:coord>
        <gx:coord>85.271346 27.812298 1962</gx:coord>
        <gx:coord>85.271271 27.812369 1964</gx:coord>
        <gx:coord>85.271161 27.812397 1965</gx:coord>
        <gx:coord>85.271059 27.812356 1965</gx:coord>
        <gx:coord>85.270988 27.812289 1962</gx:coord>
        <gx:coord>85.27097 27.812194 1956</gx:coord>
        <gx:coord>85.270915 27.812116 1948</gx:coord>
        <gx:coord>85.270813 27.81209 1949</gx:coord>
        <gx:coord>85.270706 27.812113 1949</gx:coord>
        <gx:coord>85.270722 27.812022 1956</gx:coord>
        <gx:coord>85.270829 27.811985 1952</gx:coord>
        <gx:coord>85.270931 27.811985 1949</gx:coord>
        <gx:coord>85.271048 27.812005 1944</gx:coord>
        <gx:coord>85.271144 27.812047 1944</gx:coord>
        <gx:coord>85.271251 27.812044 1943</gx:coord>
        <gx:coord>85.271301 27.811962 1945</gx:coord>
        <gx:coord>85.271308 27.811862 1942</gx:coord>
        <gx:coord>85.271256 27.811771 1937</gx:coord>
        <gx:coord>85.271247 27.811677 1938</gx:coord>
        <gx:coord>85.271274 27.811586 1934</gx:coord>
        <gx:coord>85.27128 27.811489 1935</gx:coord>
        <gx:coord>85.271378 27.811454 1940</gx:coord>
        <gx:coord>85.27148 27.811456 1939</gx:coord>
        <gx:coord>85.271568 27.811405 1934</gx:coord>
        <gx:coord>85.271653 27.811344 1933</gx:coord>
        <gx:coord>85.271759 27.811311 1928</gx:coord>
        <gx:coord>85.271865 27.811326 1927</gx:coord>
        <gx:coord>85.271952 27.811279 1927</gx:coord>
        <gx:coord>85.272028 27.811217 1926</gx:coord>
        <gx:coord>85.272113 27.811154 1914</gx:coord>
        <gx:coord>85.272222 27.811134 1917</gx:coord>
        <gx:coord>85.272326 27.811124 1911</gx:coord>
        <gx:coord>85.272439 27.811146 1913</gx:coord>
        <gx:coord>85.272544 27.811151 1913</gx:coord>
        <gx:coord>85.272651 27.811142 1907</gx:coord>
        <gx:coord>85.272762 27.811124 1912</gx:coord>
        <gx:coord>85.272864 27.81112 1914</gx:coord>
        <gx:coord>85.27297 27.81115 1909</gx:coord>
        <gx:coord>85.273053 27.811098 1910</gx:coord>
        <gx:coord>85.273071 27.811008 1908</gx:coord>
        <gx:coord>85.273093 27.810914 1901</gx:coord>
        <gx:coord>85.272999 27.810864 1898</gx:coord>
        <gx:coord>85.272892 27.810849 1894</gx:coord>
        <gx:coord>85.272799 27.810811 1894</gx:coord>
        <gx:coord>85.272749 27.810729 1889</gx:coord>
        <gx:coord>85.272704 27.810637 1886</gx:coord>
        <gx:coord>85.272687 27.810543 1881</gx:coord>
        <gx:coord>85.272652 27.810452 1881</gx:coord>
        <gx:coord>85.27259 27.810372 1882</gx:coord>
        <gx:coord>85.272504 27.810316 1883</gx:coord>
        <gx:coord>85.272396 27.810304 1882</gx:coord>
        <gx:coord>85.272283 27.810344 1884</gx:coord>
        <gx:coord>85.272192 27.810388 1869</gx:coord>
        <gx:coord>85.272094 27.810414 1879</gx:coord>
        <gx:coord>85.271982 27.810396 1879</gx:coord>
        <gx:coord>85.2719 27.810337 1877</gx:coord>
        <gx:coord>85.271851 27.810257 1871</gx:coord>
        <gx:coord>85.271756 27.810215 1872</gx:coord>
        <gx:coord>85.271703 27.810131 1874</gx:coord>
        <gx:coord>85.271619 27.810071 1870</gx:coord>
        <gx:coord>85.271644 27.809977 1867</gx:coord>
        <gx:coord>85.271582 27.8099 1863</gx:coord>
        <gx:coord>85.27149 27.809844 1866</gx:coord>
        <gx:coord>85.271399 27.8098 1864</gx:coord>
        <gx:coord>85.271325 27.809737 1859</gx:coord>
        <gx:coord>85.27127 27.809656 1860</gx:coord>
        <gx:coord>85.271247 27.809563 1860</gx:coord>
        <gx:coord>85.271251 27.809465 1853</gx:coord>
        <gx:coord>85.271263 27.809373 1852</gx:coord>
        <gx:coord>85.271305 27.809284 1852</gx:coord>
        <gx:coord>85.271334 27.809196 1853</gx:coord>
        <gx:coord>85.2713 27.809102 1849</gx:coord>
        <gx:coord>85.271221 27.809036 1847</gx:coord>
        <gx:coord>85.271134 27.808984 1844</gx:coord>
        <gx:coord>85.271108 27.808894 1848</gx:coord>
        <gx:coord>85.271083 27.808801 1845</gx:coord>
        <gx:coord>85.271165 27.808746 1847</gx:coord>
        <gx:coord>85.271233 27.808827 1844</gx:coord>
        <gx:coord>85.271311 27.808888 1842</gx:coord>
        <gx:coord>85.271375 27.80896 1845</gx:coord>
        <gx:coord>85.271479 27.809 1846</gx:coord>
        <gx:coord>85.271575 27.809034 1848</gx:coord>
        <gx:coord>85.271666 27.809076 1843</gx:coord>
        <gx:coord>85.271705 27.809159 1845</gx:coord>
        <gx:coord>85.27173 27.809255 1844</gx:coord>
        <gx:coord>85.271762 27.809341 1840</gx:coord>
        <gx:coord>85.271846 27.809392 1837</gx:coord>
        <gx:coord>85.271827 27.809296 1835</gx:coord>
        <gx:coord>85.271872 27.809202 1833</gx:coord>
        <gx:coord>85.271917 27.809106 1836</gx:coord>
        <gx:coord>85.2719 27.809011 1831</gx:coord>
        <gx:coord>85.271846 27.808926 1826</gx:coord>
        <gx:coord>85.271805 27.808835 1824</gx:coord>
        <gx:coord>85.271838 27.808744 1824</gx:coord>
        <gx:coord>85.271821 27.808655 1823</gx:coord>
        <gx:coord>85.271797 27.808558 1820</gx:coord>
        <gx:coord>85.271806 27.808462 1818</gx:coord>
        <gx:coord>85.271742 27.808384 1818</gx:coord>
        <gx:coord>85.271713 27.808293 1818</gx:coord>
        <gx:coord>85.271667 27.808213 1814</gx:coord>
        <gx:coord>85.271568 27.808166 1809</gx:coord>
        <gx:coord>85.271456 27.808126 1810</gx:coord>
        <gx:coord>85.271358 27.808099 1812</gx:coord>
        <gx:coord>85.271273 27.808039 1814</gx:coord>
        <gx:coord>85.271302 27.80795 1817</gx:coord>
        <gx:coord>85.271382 27.80789 1814</gx:coord>
        <gx:coord>85.271466 27.807837 1808</gx:coord>
        <gx:coord>85.271572 27.807832 1803</gx:coord>
        <gx:coord>85.271669 27.807874 1806</gx:coord>
        <gx:coord>85.271751 27.807927 1801</gx:coord>
        <gx:coord>85.271849 27.807962 1804</gx:coord>
        <gx:coord>85.271933 27.808012 1804</gx:coord>
        <gx:coord>85.272015 27.808075 1804</gx:coord>
        <gx:coord>85.271936 27.808013 1806</gx:coord>
        <gx:coord>85.271851 27.807945 1806</gx:coord>
        <gx:coord>85.271775 27.807872 1807</gx:coord>
        <gx:coord>85.271676 27.807826 1801</gx:coord>
        <gx:coord>85.271576 27.807798 1800</gx:coord>
        <gx:coord>85.271484 27.807751 1799</gx:coord>
        <gx:coord>85.271383 27.807715 1797</gx:coord>
        <gx:coord>85.271329 27.807635 1796</gx:coord>
        <gx:coord>85.271239 27.807593 1797</gx:coord>
        <gx:coord>85.271133 27.807566 1792</gx:coord>
        <gx:coord>85.271035 27.80753 1792</gx:coord>
        <gx:coord>85.271036 27.807438 1790</gx:coord>
        <gx:coord>85.271139 27.807424 1785</gx:coord>
        <gx:coord>85.271246 27.807443 1780</gx:coord>
        <gx:coord>85.271344 27.807474 1781</gx:coord>
        <gx:coord>85.271452 27.807481 1782</gx:coord>
        <gx:coord>85.271555 27.807478 1780</gx:coord>
        <gx:coord>85.271659 27.807465 1780</gx:coord>
        <gx:coord>85.271757 27.807438 1779</gx:coord>
        <gx:coord>85.271861 27.807459 1779</gx:coord>
        <gx:coord>85.271952 27.807513 1775</gx:coord>
        <gx:coord>85.272037 27.807567 1773</gx:coord>
        <gx:coord>85.272133 27.80761 1771</gx:coord>
        <gx:coord>85.272233 27.807627 1768</gx:coord>
        <gx:coord>85.272337 27.807627 1768</gx:coord>
        <gx:coord>85.272288 27.807548 1767</gx:coord>
        <gx:coord>85.272187 27.807509 1769</gx:coord>
        <gx:coord>85.27213 27.807433 1769</gx:coord>
        <gx:coord>85.27207 27.807348 1769</gx:coord>
        <gx:coord>85.27198 27.807306 1768</gx:coord>
        <gx:coord>85.271877 27.807297 1769</gx:coord>
        <gx:coord>85.271773 27.807279 1768</gx:coord>
        <gx:coord>85.271839 27.807209 1762</gx:coord>
        <gx:coord>85.271944 27.807186 1762</gx:coord>
        <gx:coord>85.272041 27.807158 1757</gx:coord>
        <gx:coord>85.272147 27.807178 1756</gx:coord>
        <gx:coord>85.272243 27.807228 1757</gx:coord>
        <gx:coord>85.272342 27.807197 1761</gx:coord>
        <gx:coord>85.272268 27.807132 1758</gx:coord>
        <gx:coord>85.272199 27.807059 1757</gx:coord>
        <gx:coord>85.272103 27.807028 1757</gx:coord>
        <gx:coord>85.272004 27.806999 1754</gx:coord>
        <gx:coord>85.271923 27.806943 1751</gx:coord>
        <gx:coord>85.272026 27.806935 1748</gx:coord>
        <gx:coord>85.272126 27.806952 1746</gx:coord>
        <gx:coord>85.272228 27.806955 1742</gx:coord>
        <gx:coord>85.272333 27.80694 1740</gx:coord>
        <gx:coord>85.272439 27.806909 1738</gx:coord>
        <gx:coord>85.272537 27.806882 1737</gx:coord>
        <gx:coord>85.272648 27.80688 1741</gx:coord>
        <gx:coord>85.27275 27.806887 1740</gx:coord>
        <gx:coord>85.272853 27.806862 1738</gx:coord>
        <gx:coord>85.272954 27.806833 1738</gx:coord>
        <gx:coord>85.273067 27.806831 1738</gx:coord>
        <gx:coord>85.273165 27.806877 1737</gx:coord>
        <gx:coord>85.273259 27.806917 1739</gx:coord>
        <gx:coord>85.273278 27.806828 1734</gx:coord>
        <gx:coord>85.273197 27.806772 1728</gx:coord>
        <gx:coord>85.273103 27.806733 1728</gx:coord>
        <gx:coord>85.273005 27.806691 1731</gx:coord>
        <gx:coord>85.272898 27.806666 1727</gx:coord>
        <gx:coord>85.272798 27.806632 1726</gx:coord>
        <gx:coord>85.272717 27.806564 1721</gx:coord>
        <gx:coord>85.272648 27.806491 1717</gx:coord>
        <gx:coord>85.272595 27.806413 1715</gx:coord>
        <gx:coord>85.272576 27.806324 1717</gx:coord>
        <gx:coord>85.272574 27.806228 1714</gx:coord>
        <gx:coord>85.272676 27.806202 1712</gx:coord>
        <gx:coord>85.272753 27.806264 1709</gx:coord>
        <gx:coord>85.272843 27.806317 1710</gx:coord>
        <gx:coord>85.272949 27.806333 1710</gx:coord>
        <gx:coord>85.273065 27.806338 1710</gx:coord>
        <gx:coord>85.273173 27.806329 1707</gx:coord>
        <gx:coord>85.273281 27.806337 1708</gx:coord>
        <gx:coord>85.27339 27.806333 1704</gx:coord>
        <gx:coord>85.273497 27.806344 1703</gx:coord>
        <gx:coord>85.27359 27.806383 1704</gx:coord>
        <gx:coord>85.27368 27.806441 1705</gx:coord>
        <gx:coord>85.273769 27.806489 1705</gx:coord>
        <gx:coord>85.273849 27.806552 1705</gx:coord>
        <gx:coord>85.273919 27.806624 1704</gx:coord>
        <gx:coord>85.27392 27.806532 1709</gx:coord>
        <gx:coord>85.27395 27.806441 1705</gx:coord>
        <gx:coord>85.274115 27.806311 1704</gx:coord>
        <gx:coord>85.27423 27.806201 1703</gx:coord>
        <gx:coord>85.274361 27.806113 1702</gx:coord>
        <gx:coord>85.274609 27.805959 1700</gx:coord>
        <gx:coord>85.274698 27.805907 1700</gx:coord>
        <gx:coord>85.274785 27.805818 1699</gx:coord>
        <gx:coord>85.274818 27.805704 1697</gx:coord>
        <gx:coord>85.274735 27.80544 1696</gx:coord>
        <gx:coord>85.274639 27.805363 1695</gx:coord>
        <gx:coord>85.274523 27.805208 1694</gx:coord>
        <gx:coord>85.274377 27.805071 1696</gx:coord>
        <gx:coord>85.274354 27.804902 1692</gx:coord>
        <gx:coord>85.274331 27.804767 1689</gx:coord>
        <gx:coord>85.274327 27.804314 1686</gx:coord>
        <gx:coord>85.274267 27.804134 1684</gx:coord>
        <gx:coord>85.274185 27.803968 1682</gx:coord>
        <gx:coord>85.274103 27.803846 1681</gx:coord>
        <gx:coord>85.274034 27.803723 1680</gx:coord>
        <gx:coord>85.273985 27.803585 1679</gx:coord>
        <gx:coord>85.274064 27.80344 1679</gx:coord>
        <gx:coord>85.27422 27.803347 1678</gx:coord>
        <gx:coord>85.274352 27.803227 1677</gx:coord>
        <gx:coord>85.274413 27.80305 1677</gx:coord>
        <gx:coord>85.274451 27.802881 1675</gx:coord>
        <gx:coord>85.274477 27.802778 1678</gx:coord>
        <gx:coord>85.274652 27.802604 1677</gx:coord>
        <gx:coord>85.274772 27.802369 1675</gx:coord>
        <gx:coord>85.274735 27.802223 1674</gx:coord>
        <gx:coord>85.274654 27.802109 1673</gx:coord>
        <gx:coord>85.274446 27.801997 1669</gx:coord>
        <gx:coord>85.274189 27.801764 1664</gx:coord>
        <gx:coord>85.27408 27.801675 1664</gx:coord>
        <gx:coord>85.273867 27.801605 1664</gx:coord>
        <gx:coord>85.273616 27.801632 1663</gx:coord>
        <gx:coord>85.273268 27.801602 1659</gx:coord>
        <gx:coord>85.273077 27.801544 1659</gx:coord>
        <gx:coord>85.272879 27.801426 1658</gx:coord>
        <gx:coord>85.272692 27.801286 1658</gx:coord>
        <gx:coord>85.27256 27.801204 1656</gx:coord>
        <gx:coord>85.272468 27.801083 1654</gx:coord>
        <gx:coord>85.272464 27.80094 1654</gx:coord>
        <gx:coord>85.272445 27.80081 1654</gx:coord>
        <gx:coord>85.272307 27.8007 1656</gx:coord>
        <gx:coord>85.272186 27.800618 1655</gx:coord>
        <gx:coord>85.272043 27.800493 1726</gx:coord>
        <gx:coord>85.271943 27.800435 1711</gx:coord>
        <gx:coord>85.271743 27.800338 1691</gx:coord>
        <gx:coord>85.271665 27.800276 1682</gx:coord>
        <gx:coord>85.271532 27.800135 1665</gx:coord>
        <gx:coord>85.271497 27.800049 1662</gx:coord>
        <gx:coord>85.271469 27.799959 1661</gx:coord>
        <gx:coord>85.271391 27.799786 1662</gx:coord>
        <gx:coord>85.271308 27.799551 1662</gx:coord>
        <gx:coord>85.271248 27.799446 1661</gx:coord>
        <gx:coord>85.271164 27.799351 1657</gx:coord>
        <gx:coord>85.27109 27.799274 1655</gx:coord>
        <gx:coord>85.270998 27.799205 1654</gx:coord>
        <gx:coord>85.27092 27.79913 1652</gx:coord>
        <gx:coord>85.27084 27.799072 1650</gx:coord>
        <gx:coord>85.27066 27.798984 1649</gx:coord>
        <gx:coord>85.270507 27.798934 1648</gx:coord>
        <gx:coord>85.27022 27.798847 1643</gx:coord>
        <gx:coord>85.270081 27.798734 1639</gx:coord>
        <gx:coord>85.269949 27.798626 1636</gx:coord>
        <gx:coord>85.269842 27.798521 1636</gx:coord>
        <gx:coord>85.269749 27.798401 1633</gx:coord>
        <gx:coord>85.269708 27.798272 1633</gx:coord>
        <gx:coord>85.269749 27.798132 1631</gx:coord>
        <gx:coord>85.269748 27.797986 1631</gx:coord>
        <gx:coord>85.26972 27.797899 1632</gx:coord>
        <gx:coord>85.269617 27.797761 1633</gx:coord>
        <gx:coord>85.269478 27.79764 1712</gx:coord>
        <gx:coord>85.269361 27.79752 1670</gx:coord>
        <gx:coord>85.269259 27.797388 1652</gx:coord>
        <gx:coord>85.26923 27.797256 1644</gx:coord>
        <gx:coord>85.269272 27.797081 1638</gx:coord>
        <gx:coord>85.269323 27.796912 1637</gx:coord>
        <gx:coord>85.2694 27.796757 1636</gx:coord>
        <gx:coord>85.26942 27.796667 1635</gx:coord>
        <gx:coord>85.269411 27.796502 1633</gx:coord>
        <gx:coord>85.269378 27.796347 1632</gx:coord>
        <gx:coord>85.269302 27.796194 1632</gx:coord>
        <gx:coord>85.269242 27.796081 1631</gx:coord>
        <gx:coord>85.269169 27.795975 1631</gx:coord>
        <gx:coord>85.269113 27.795846 1630</gx:coord>
        <gx:coord>85.269083 27.795656 1627</gx:coord>
        <gx:coord>85.269117 27.795508 1628</gx:coord>
        <gx:coord>85.269187 27.795375 1628</gx:coord>
        <gx:coord>85.269237 27.795247 1628</gx:coord>
        <gx:coord>85.269251 27.79512 1626</gx:coord>
        <gx:coord>85.26923 27.795008 1624</gx:coord>
        <gx:coord>85.269237 27.79491 1616</gx:coord>
        <gx:coord>85.269173 27.794825 1616</gx:coord>
        <gx:coord>85.269071 27.794734 1701</gx:coord>
        <gx:coord>85.268951 27.79468 1664</gx:coord>
        <gx:coord>85.268804 27.794495 1628</gx:coord>
        <gx:coord>85.268691 27.794374 1623</gx:coord>
        <gx:coord>85.268577 27.794247 1621</gx:coord>
        <gx:coord>85.268422 27.793997 1622</gx:coord>
        <gx:coord>85.268282 27.793857 1620</gx:coord>
        <gx:coord>85.268207 27.793784 1620</gx:coord>
        <gx:coord>85.268129 27.793709 1620</gx:coord>
        <gx:coord>85.268054 27.793628 1620</gx:coord>
        <gx:coord>85.267978 27.793558 1620</gx:coord>
        <gx:coord>85.267918 27.793471 1618</gx:coord>
        <gx:coord>85.267872 27.793387 1619</gx:coord>
        <gx:coord>85.267828 27.793299 1619</gx:coord>
        <gx:coord>85.26779 27.793211 1619</gx:coord>
        <gx:coord>85.267737 27.793127 1618</gx:coord>
        <gx:coord>85.267681 27.79305 1617</gx:coord>
        <gx:coord>85.267518 27.792972 1616</gx:coord>
        <gx:coord>85.267408 27.792948 1615</gx:coord>
        <gx:coord>85.267301 27.792939 1615</gx:coord>
        <gx:coord>85.267133 27.792936 1612</gx:coord>
        <gx:coord>85.266989 27.792916 1612</gx:coord>
        <gx:coord>85.266899 27.792821 1611</gx:coord>
        <gx:coord>85.266848 27.792673 1606</gx:coord>
        <gx:coord>85.266801 27.792564 1604</gx:coord>
        <gx:coord>85.266692 27.792451 1604</gx:coord>
        <gx:coord>85.266556 27.792348 1606</gx:coord>
        <gx:coord>85.26648 27.792176 1604</gx:coord>
        <gx:coord>85.266427 27.792091 1603</gx:coord>
        <gx:coord>85.266371 27.792011 1605</gx:coord>
        <gx:coord>85.266242 27.791893 1603</gx:coord>
        <gx:coord>85.26613 27.79177 1603</gx:coord>
        <gx:coord>85.266019 27.791633 1604</gx:coord>
        <gx:coord>85.265911 27.791523 1602</gx:coord>
        <gx:coord>85.265799 27.791402 1603</gx:coord>
        <gx:coord>85.265704 27.791248 1603</gx:coord>
        <gx:coord>85.265592 27.791113 1604</gx:coord>
        <gx:coord>85.265455 27.790985 1603</gx:coord>
        <gx:coord>85.265363 27.790863 1602</gx:coord>
        <gx:coord>85.265323 27.790703 1607</gx:coord>
        <gx:coord>85.265335 27.790543 1603</gx:coord>
        <gx:coord>85.26538 27.790381 1601</gx:coord>
        <gx:coord>85.26546 27.790248 1599</gx:coord>
        <gx:coord>85.265567 27.790169 1598</gx:coord>
        <gx:coord>85.265706 27.790159 1596</gx:coord>
        <gx:coord>85.26586 27.790209 1595</gx:coord>
        <gx:coord>85.266007 27.790297 1595</gx:coord>
        <gx:coord>85.266134 27.790426 1596</gx:coord>
        <gx:coord>85.266271 27.790563 1596</gx:coord>
        <gx:coord>85.266437 27.790657 1595</gx:coord>
        <gx:coord>85.26663 27.790713 1594</gx:coord>
        <gx:coord>85.266818 27.790756 1593</gx:coord>
        <gx:coord>85.26692 27.790792 1593</gx:coord>
        <gx:coord>85.267097 27.790932 1591</gx:coord>
        <gx:coord>85.267185 27.790997 1590</gx:coord>
        <gx:coord>85.267273 27.791063 1589</gx:coord>
        <gx:coord>85.267359 27.791138 1587</gx:coord>
        <gx:coord>85.267435 27.791207 1588</gx:coord>
        <gx:coord>85.267497 27.791281 1588</gx:coord>
        <gx:coord>85.267566 27.79137 1588</gx:coord>
        <gx:coord>85.267639 27.791444 1588</gx:coord>
        <gx:coord>85.267801 27.791501 1585</gx:coord>
        <gx:coord>85.267952 27.791437 1585</gx:coord>
        <gx:coord>85.268121 27.791403 1585</gx:coord>
        <gx:coord>85.268283 27.791442 1585</gx:coord>
        <gx:coord>85.268472 27.791545 1585</gx:coord>
        <gx:coord>85.268565 27.791604 1584</gx:coord>
        <gx:coord>85.268685 27.791585 1580</gx:coord>
        <gx:coord>85.268751 27.791509 1582</gx:coord>
        <gx:coord>85.268811 27.791429 1582</gx:coord>
        <gx:coord>85.268889 27.79135 1583</gx:coord>
        <gx:coord>85.268968 27.791271 1581</gx:coord>
        <gx:coord>85.269061 27.791211 1584</gx:coord>
        <gx:coord>85.269598 27.791104 1577</gx:coord>
        <gx:coord>85.269744 27.791048 1574</gx:coord>
        <gx:coord>85.269889 27.790987 1574</gx:coord>
        <gx:coord>85.270004 27.790962 1574</gx:coord>
        <gx:coord>85.27011 27.790968 1574</gx:coord>
        <gx:coord>85.270156 27.791091 1574</gx:coord>
        <gx:coord>85.270125 27.791203 1575</gx:coord>
        <gx:coord>85.270073 27.791336 1575</gx:coord>
        <gx:coord>85.270084 27.791441 1575</gx:coord>
        <gx:coord>85.270234 27.791518 1574</gx:coord>
        <gx:coord>85.27037 27.791491 1571</gx:coord>
        <gx:coord>85.270481 27.791408 1572</gx:coord>
        <gx:coord>85.270582 27.791326 1571</gx:coord>
        <gx:coord>85.270712 27.79126 1572</gx:coord>
        <gx:coord>85.270857 27.791206 1569</gx:coord>
        <gx:coord>85.271008 27.791176 1566</gx:coord>
        <gx:coord>85.27114 27.791147 1566</gx:coord>
        <gx:coord>85.271473 27.791372 1564</gx:coord>
        <gx:coord>85.271685 27.791311 1561</gx:coord>
        <gx:coord>85.271819 27.79126 1562</gx:coord>
        <gx:coord>85.27208 27.791409 1561</gx:coord>
        <gx:coord>85.272319 27.791566 1564</gx:coord>
        <gx:coord>85.272407 27.791616 1563</gx:coord>
        <gx:coord>85.272544 27.791703 1565</gx:coord>
        <gx:coord>85.272667 27.791815 1563</gx:coord>
        <gx:coord>85.272771 27.791935 1566</gx:coord>
        <gx:coord>85.272896 27.792049 1568</gx:coord>
        <gx:coord>85.273036 27.792201 1567</gx:coord>
        <gx:coord>85.273181 27.792317 1566</gx:coord>
        <gx:coord>85.273379 27.79235 1565</gx:coord>
        <gx:coord>85.273569 27.79232 1565</gx:coord>
        <gx:coord>85.273731 27.792226 1565</gx:coord>
        <gx:coord>85.273918 27.792202 1564</gx:coord>
        <gx:coord>85.274075 27.792221 1564</gx:coord>
        <gx:coord>85.274227 27.792333 1564</gx:coord>
        <gx:coord>85.274395 27.792395 1562</gx:coord>
        <gx:coord>85.274585 27.792386 1561</gx:coord>
        <gx:coord>85.274707 27.792379 1562</gx:coord>
        <gx:coord>85.27479 27.792444 1562</gx:coord>
        <gx:coord>85.274969 27.792511 1561</gx:coord>
        <gx:coord>85.275074 27.792741 1560</gx:coord>
        <gx:coord>85.275141 27.792925 1560</gx:coord>
        <gx:coord>85.275208 27.79309 1559</gx:coord>
        <gx:coord>85.275371 27.793323 1556</gx:coord>
        <gx:coord>85.275509 27.793359 1556</gx:coord>
        <gx:coord>85.275669 27.793362 1556</gx:coord>
        <gx:coord>85.275847 27.793292 1557</gx:coord>
        <gx:coord>85.275947 27.793158 1555</gx:coord>
        <gx:coord>85.276093 27.793098 1555</gx:coord>
        <gx:coord>85.27625 27.793093 1558</gx:coord>
        <gx:coord>85.276413 27.793153 1557</gx:coord>
        <gx:coord>85.276579 27.793234 1558</gx:coord>
        <gx:coord>85.276765 27.793293 1556</gx:coord>
        <gx:coord>85.276958 27.793307 1555</gx:coord>
        <gx:coord>85.277133 27.793268 1556</gx:coord>
        <gx:coord>85.277313 27.79324 1557</gx:coord>
        <gx:coord>85.277447 27.793264 1558</gx:coord>
        <gx:coord>85.27766 27.793481 1555</gx:coord>
        <gx:coord>85.277844 27.793519 1555</gx:coord>
        <gx:coord>85.278002 27.79341 1556</gx:coord>
        <gx:coord>85.278163 27.793354 1549</gx:coord>
        <gx:coord>85.278345 27.793311 1548</gx:coord>
        <gx:coord>85.278468 27.793258 1547</gx:coord>
        <gx:coord>85.27849 27.79309 1546</gx:coord>
        <gx:coord>85.278463 27.792908 1544</gx:coord>
        <gx:coord>85.278369 27.792668 1541</gx:coord>
        <gx:coord>85.278367 27.792434 1540</gx:coord>
        <gx:coord>85.278311 27.792285 1538</gx:coord>
        <gx:coord>85.278186 27.79218 1538</gx:coord>
        <gx:coord>85.278116 27.792113 1537</gx:coord>
        <gx:coord>85.27806 27.792029 1536</gx:coord>
        <gx:coord>85.277998 27.791942 1535</gx:coord>
        <gx:coord>85.277949 27.79185 1534</gx:coord>
        <gx:coord>85.277904 27.791762 1534</gx:coord>
        <gx:coord>85.27786 27.791672 1532</gx:coord>
        <gx:coord>85.277798 27.791595 1531</gx:coord>
        <gx:coord>85.277729 27.791516 1531</gx:coord>
        <gx:coord>85.277647 27.791442 1528</gx:coord>
        <gx:coord>85.277555 27.791363 1526</gx:coord>
        <gx:coord>85.277469 27.791288 1525</gx:coord>
        <gx:coord>85.277387 27.791205 1525</gx:coord>
        <gx:coord>85.277311 27.791116 1525</gx:coord>
        <gx:coord>85.277237 27.791033 1526</gx:coord>
        <gx:coord>85.277159 27.790952 1524</gx:coord>
        <gx:coord>85.277097 27.790855 1524</gx:coord>
        <gx:coord>85.27703 27.790768 1524</gx:coord>
        <gx:coord>85.276963 27.790697 1523</gx:coord>
        <gx:coord>85.276895 27.790534 1524</gx:coord>
        <gx:coord>85.276873 27.790369 1523</gx:coord>
        <gx:coord>85.276876 27.790276 1522</gx:coord>
        <gx:coord>85.276931 27.790069 1521</gx:coord>
        <gx:coord>85.276936 27.789973 1521</gx:coord>
        <gx:coord>85.276904 27.789878 1521</gx:coord>
        <gx:coord>85.276876 27.789788 1519</gx:coord>
        <gx:coord>85.276839 27.789695 1519</gx:coord>
        <gx:coord>85.276813 27.789607 1519</gx:coord>
        <gx:coord>85.276804 27.789435 1517</gx:coord>
        <gx:coord>85.276831 27.789341 1517</gx:coord>
        <gx:coord>85.276854 27.789233 1518</gx:coord>
        <gx:coord>85.276875 27.789135 1518</gx:coord>
        <gx:coord>85.276896 27.789019 1518</gx:coord>
        <gx:coord>85.276917 27.78891 1518</gx:coord>
        <gx:coord>85.276941 27.788799 1517</gx:coord>
        <gx:coord>85.276913 27.788559 1517</gx:coord>
        <gx:coord>85.276874 27.788453 1516</gx:coord>
        <gx:coord>85.276822 27.78836 1515</gx:coord>
        <gx:coord>85.276743 27.788273 1513</gx:coord>
        <gx:coord>85.276673 27.788178 1512</gx:coord>
        <gx:coord>85.276594 27.78809 1513</gx:coord>
        <gx:coord>85.276526 27.788012 1512</gx:coord>
        <gx:coord>85.276467 27.787937 1511</gx:coord>
        <gx:coord>85.276416 27.787854 1510</gx:coord>
        <gx:coord>85.276383 27.787753 1509</gx:coord>
        <gx:coord>85.276365 27.787657 1509</gx:coord>
        <gx:coord>85.27635 27.787554 1508</gx:coord>
        <gx:coord>85.276335 27.787454 1508</gx:coord>
        <gx:coord>85.276316 27.787277 1505</gx:coord>
        <gx:coord>85.276348 27.787118 1505</gx:coord>
        <gx:coord>85.276402 27.786944 1503</gx:coord>
        <gx:coord>85.276397 27.786773 1502</gx:coord>
        <gx:coord>85.276346 27.786596 1501</gx:coord>
        <gx:coord>85.276344 27.786498 1499</gx:coord>
        <gx:coord>85.276455 27.786206 1499</gx:coord>
        <gx:coord>85.276482 27.786102 1498</gx:coord>
        <gx:coord>85.276501 27.78601 1498</gx:coord>
        <gx:coord>85.276535 27.785914 1498</gx:coord>
        <gx:coord>85.27655 27.785749 1496</gx:coord>
        <gx:coord>85.276503 27.785628 1494</gx:coord>
        <gx:coord>85.276383 27.785546 1492</gx:coord>
        <gx:coord>85.276243 27.785492 1492</gx:coord>
        <gx:coord>85.276093 27.785442 1491</gx:coord>
        <gx:coord>85.275946 27.785358 1491</gx:coord>
        <gx:coord>85.275784 27.785253 1490</gx:coord>
        <gx:coord>85.27562 27.785196 1488</gx:coord>
        <gx:coord>85.275455 27.785142 1488</gx:coord>
        <gx:coord>85.275289 27.785106 1488</gx:coord>
        <gx:coord>85.275138 27.785054 1486</gx:coord>
        <gx:coord>85.275003 27.785021 1486</gx:coord>
        <gx:coord>85.274854 27.784994 1482</gx:coord>
        <gx:coord>85.274715 27.784943 1480</gx:coord>
        <gx:coord>85.274621 27.784792 1480</gx:coord>
        <gx:coord>85.274539 27.784647 1479</gx:coord>
        <gx:coord>85.274502 27.784563 1478</gx:coord>
        <gx:coord>85.274477 27.784474 1478</gx:coord>
        <gx:coord>85.274468 27.784292 1478</gx:coord>
        <gx:coord>85.274479 27.784105 1477</gx:coord>
        <gx:coord>85.274414 27.78394 1478</gx:coord>
        <gx:coord>85.274358 27.783858 1478</gx:coord>
        <gx:coord>85.274302 27.783769 1478</gx:coord>
        <gx:coord>85.274234 27.783688 1478</gx:coord>
        <gx:coord>85.274175 27.783604 1478</gx:coord>
        <gx:coord>85.274116 27.783505 1479</gx:coord>
        <gx:coord>85.274068 27.783411 1478</gx:coord>
        <gx:coord>85.274019 27.783325 1478</gx:coord>
        <gx:coord>85.273973 27.783224 1479</gx:coord>
        <gx:coord>85.273845 27.783089 1478</gx:coord>
        <gx:coord>85.273694 27.783031 1479</gx:coord>
        <gx:coord>85.273587 27.782941 1478</gx:coord>
        <gx:coord>85.273547 27.78282 1476</gx:coord>
        <gx:coord>85.273576 27.782712 1477</gx:coord>
        <gx:coord>85.27362 27.782615 1478</gx:coord>
        <gx:coord>85.273684 27.782514 1476</gx:coord>
        <gx:coord>85.273737 27.782314 1475</gx:coord>
        <gx:coord>85.273749 27.782171 1474</gx:coord>
        <gx:coord>85.273692 27.782037 1473</gx:coord>
        <gx:coord>85.273556 27.781927 1473</gx:coord>
        <gx:coord>85.273436 27.781839 1470</gx:coord>
        <gx:coord>85.273367 27.781704 1469</gx:coord>
        <gx:coord>85.273401 27.781527 1470</gx:coord>
        <gx:coord>85.273606 27.781376 1470</gx:coord>
        <gx:coord>85.273747 27.781252 1470</gx:coord>
        <gx:coord>85.273808 27.781179 1470</gx:coord>
        <gx:coord>85.273924 27.781041 1469</gx:coord>
        <gx:coord>85.27406 27.780917 1467</gx:coord>
        <gx:coord>85.274183 27.780876 1465</gx:coord>
        <gx:coord>85.274303 27.780921 1463</gx:coord>
        <gx:coord>85.274393 27.781016 1463</gx:coord>
        <gx:coord>85.274477 27.781104 1462</gx:coord>
        <gx:coord>85.274624 27.781101 1461</gx:coord>
        <gx:coord>85.275148 27.780683 1461</gx:coord>
        <gx:coord>85.275279 27.780584 1459</gx:coord>
        <gx:coord>85.275385 27.780498 1458</gx:coord>
        <gx:coord>85.27549 27.780412 1458</gx:coord>
        <gx:coord>85.27552 27.780279 1458</gx:coord>
        <gx:coord>85.275477 27.780028 1456</gx:coord>
        <gx:coord>85.275452 27.779933 1456</gx:coord>
        <gx:coord>85.275436 27.779828 1455</gx:coord>
        <gx:coord>85.275383 27.779614 1453</gx:coord>
        <gx:coord>85.275343 27.779514 1453</gx:coord>
        <gx:coord>85.275302 27.779422 1451</gx:coord>
        <gx:coord>85.275274 27.779319 1450</gx:coord>
        <gx:coord>85.275255 27.779166 1449</gx:coord>
        <gx:coord>85.275273 27.779034 1450</gx:coord>
        <gx:coord>85.275325 27.778889 1449</gx:coord>
        <gx:coord>85.275459 27.778791 1447</gx:coord>
        <gx:coord>85.275617 27.778771 1447</gx:coord>
        <gx:coord>85.275777 27.778764 1445</gx:coord>
        <gx:coord>85.275944 27.778771 1444</gx:coord>
        <gx:coord>85.276183 27.778885 1442</gx:coord>
        <gx:coord>85.276307 27.778982 1441</gx:coord>
        <gx:coord>85.276422 27.779011 1442</gx:coord>
        <gx:coord>85.276577 27.778799 1441</gx:coord>
        <gx:coord>85.276581 27.778665 1442</gx:coord>
        <gx:coord>85.27662 27.778565 1441</gx:coord>
        <gx:coord>85.277004 27.778367 1438</gx:coord>
        <gx:coord>85.277133 27.778264 1437</gx:coord>
        <gx:coord>85.277197 27.778154 1435</gx:coord>
        <gx:coord>85.277305 27.778069 1436</gx:coord>
        <gx:coord>85.277432 27.778009 1435</gx:coord>
        <gx:coord>85.277547 27.778037 1436</gx:coord>
        <gx:coord>85.27768 27.778054 1437</gx:coord>
        <gx:coord>85.277819 27.77795 1436</gx:coord>
        <gx:coord>85.27783 27.777716 1433</gx:coord>
        <gx:coord>85.277808 27.777547 1431</gx:coord>
        <gx:coord>85.277824 27.77742 1426</gx:coord>
        <gx:coord>85.277873 27.777315 1427</gx:coord>
        <gx:coord>85.278037 27.77716 1426</gx:coord>
        <gx:coord>85.278123 27.777071 1425</gx:coord>
        <gx:coord>85.278213 27.777 1442</gx:coord>
        <gx:coord>85.278211 27.776895 1420</gx:coord>
        <gx:coord>85.278174 27.776798 1422</gx:coord>
        <gx:coord>85.278117 27.776699 1423</gx:coord>
        <gx:coord>85.278034 27.776642 1425</gx:coord>
        <gx:coord>85.277937 27.776613 1426</gx:coord>
        <gx:coord>85.277754 27.776606 1427</gx:coord>
        <gx:coord>85.277616 27.776598 1427</gx:coord>
        <gx:coord>85.277477 27.776583 1427</gx:coord>
        <gx:coord>85.277324 27.776555 1427</gx:coord>
        <gx:coord>85.277174 27.776489 1428</gx:coord>
        <gx:coord>85.277027 27.776457 1429</gx:coord>
        <gx:coord>85.276861 27.776409 1429</gx:coord>
        <gx:coord>85.276697 27.776325 1429</gx:coord>
        <gx:coord>85.276619 27.776258 1429</gx:coord>
        <gx:coord>85.276507 27.776125 1429</gx:coord>
        <gx:coord>85.276459 27.776038 1429</gx:coord>
        <gx:coord>85.276357 27.775883 1429</gx:coord>
        <gx:coord>85.276259 27.775745 1427</gx:coord>
        <gx:coord>85.276196 27.77567 1428</gx:coord>
        <gx:coord>85.276096 27.775544 1427</gx:coord>
        <gx:coord>85.27595 27.775473 1426</gx:coord>
        <gx:coord>85.275809 27.775468 1427</gx:coord>
        <gx:coord>85.275635 27.775512 1428</gx:coord>
        <gx:coord>85.27543 27.77552 1429</gx:coord>
        <gx:coord>85.275329 27.775496 1428</gx:coord>
        <gx:coord>85.275163 27.775397 1428</gx:coord>
        <gx:coord>85.275 27.775314 1427</gx:coord>
        <gx:coord>85.27487 27.775257 1426</gx:coord>
        <gx:coord>85.274745 27.775293 1425</gx:coord>
        <gx:coord>85.274638 27.77534 1424</gx:coord>
        <gx:coord>85.274551 27.775394 1425</gx:coord>
        <gx:coord>85.274431 27.775406 1425</gx:coord>
        <gx:coord>85.274288 27.775407 1425</gx:coord>
        <gx:coord>85.274123 27.775391 1426</gx:coord>
        <gx:coord>85.273969 27.775314 1426</gx:coord>
        <gx:coord>85.273812 27.775229 1427</gx:coord>
        <gx:coord>85.273695 27.775115 1426</gx:coord>
        <gx:coord>85.273668 27.774949 1428</gx:coord>
        <gx:coord>85.273666 27.774775 1428</gx:coord>
        <gx:coord>85.273599 27.774621 1429</gx:coord>
        <gx:coord>85.273514 27.774449 1430</gx:coord>
        <gx:coord>85.273436 27.774283 1432</gx:coord>
        <gx:coord>85.27335 27.774143 1433</gx:coord>
        <gx:coord>85.273203 27.774086 1432</gx:coord>
        <gx:coord>85.273044 27.774047 1432</gx:coord>
        <gx:coord>85.2729 27.773959 1431</gx:coord>
        <gx:coord>85.272808 27.773834 1430</gx:coord>
        <gx:coord>85.272723 27.77372 1432</gx:coord>
        <gx:coord>85.272601 27.77364 1432</gx:coord>
        <gx:coord>85.272454 27.773609 1431</gx:coord>
        <gx:coord>85.272304 27.773617 1431</gx:coord>
        <gx:coord>85.272136 27.773702 1430</gx:coord>
        <gx:coord>85.271956 27.773727 1430</gx:coord>
        <gx:coord>85.271791 27.7737 1430</gx:coord>
        <gx:coord>85.271698 27.773568 1431</gx:coord>
        <gx:coord>85.271664 27.773418 1430</gx:coord>
        <gx:coord>85.271626 27.773255 1430</gx:coord>
        <gx:coord>85.271552 27.77311 1430</gx:coord>
        <gx:coord>85.271431 27.772975 1428</gx:coord>
        <gx:coord>85.271376 27.772889 1428</gx:coord>
        <gx:coord>85.271343 27.772801 1428</gx:coord>
        <gx:coord>85.271308 27.772704 1427</gx:coord>
        <gx:coord>85.27126 27.772608 1427</gx:coord>
        <gx:coord>85.271193 27.772526 1426</gx:coord>
        <gx:coord>85.271131 27.772452 1426</gx:coord>
        <gx:coord>85.271066 27.772291 1425</gx:coord>
        <gx:coord>85.27109 27.772113 1425</gx:coord>
        <gx:coord>85.271165 27.771949 1425</gx:coord>
        <gx:coord>85.271221 27.771792 1426</gx:coord>
        <gx:coord>85.271278 27.771621 1425</gx:coord>
        <gx:coord>85.271298 27.771516 1426</gx:coord>
        <gx:coord>85.271323 27.771416 1426</gx:coord>
        <gx:coord>85.271342 27.771314 1427</gx:coord>
        <gx:coord>85.271347 27.771201 1427</gx:coord>
        <gx:coord>85.271358 27.771096 1428</gx:coord>
        <gx:coord>85.271364 27.770986 1428</gx:coord>
        <gx:coord>85.271393 27.77076 1428</gx:coord>
        <gx:coord>85.271416 27.770659 1427</gx:coord>
        <gx:coord>85.271485 27.770566 1426</gx:coord>
        <gx:coord>85.271605 27.770405 1423</gx:coord>
        <gx:coord>85.27166 27.770271 1421</gx:coord>
        <gx:coord>85.271577 27.770164 1421</gx:coord>
    </gx:Track>
    <ExtendedData xmlns:mwm="https://comaps.app">
      <mwm:name>
        <mwm:lang code="default">Burje Bhanjyang - Kakani Hike</mwm:lang>
      </mwm:name>
      <mwm:description>
      </mwm:description>
      <mwm:localId>0</mwm:localId>
      <mwm:additionalStyle>
      </mwm:additionalStyle>
      <mwm:visibility>1</mwm:visibility>
    </ExtendedData>
  </Placemark>
</Document>
</kml>
